date,name_legal_call,lei_call,id_call,name_legal,lei,id,no_sub
20171231.0,ORITANI BANK,549300XRBLWUN6J76L65,2376.0,ORITANI FINANCIAL CORP,0,2692892,1
20171231.0,MIDCOUNTRY BANK,0,3971.0,MIDCOUNTRY FINANCIAL CORP,0,3839902,1
20171231.0,ACNB BANK,0,5210.0,ACNB CORPORATION,0,1117464,1
20171231.0,BESSEMER TRUST COMPANY,549300NEQHXUX4MZIH22,7009.0,"BESSEMER GROUP, INCORPORATED, THE",0,1246159,4
20171231.0,"BESSEMER TRUST COMPANY, N.A.",549300OTTCSOD5OCZ143,976703.0,"BESSEMER GROUP, INCORPORATED, THE",0,1246159,4
20171231.0,"BESSEMER TRUST COMPANY OF CALIFORNIA, NATIONAL ASSOCIATION",0,2845782.0,"BESSEMER GROUP, INCORPORATED, THE",0,1246159,4
20171231.0,"BESSEMER TRUST COMPANY OF DELAWARE, NATIONAL ASSOCIATION",0,3310287.0,"BESSEMER GROUP, INCORPORATED, THE",0,1246159,4
20171231.0,AMBOY BANK,0,9807.0,AMBOY BANCORPORATION,0,2611718,1
20171231.0,"HUNTINGTON NATIONAL BANK, THE",0,12311.0,HUNTINGTON BANCSHARES INCORPORATED,0,1068191,1
20171231.0,FARMERS BANK & TRUST COMPANY,549300GKNMX0ZXKVPE54,12946.0,MAGNOLIA BANKING CORPORATION,0,1135413,1
20171231.0,BRISTOL COUNTY SAVINGS BANK,0,13103.0,BEACON BANCORP,0,2388878,1
20171231.0,FIRST MERCHANTS BANK,S0Q3AHZRL5K6VQE35M07,17147.0,FIRST MERCHANTS CORPORATION,TZTBT0OTGQ2FEK6XMX94,1208559,1
20171231.0,"NEXTIER BANK, NA",549300TFEH2N4OKL5136,18827.0,NEXTIER INCORPORATED,549300P9Z68O0W6RWY48,2264404,1
20171231.0,TECHE BANK AND TRUST COMPANY,0,21630.0,"LOUISIANA COMMUNITY BANCORP, INC.",0,2909554,5
20171231.0,TRI-PARISH BANK,0,483032.0,"LOUISIANA COMMUNITY BANCORP, INC.",0,2909554,5
20171231.0,CITY SAVINGS BANK & TRUST COMPANY,0,541035.0,"LOUISIANA COMMUNITY BANCORP, INC.",0,2909554,5
20171231.0,KAPLAN STATE BANK,0,983130.0,"LOUISIANA COMMUNITY BANCORP, INC.",0,2909554,5
20171231.0,COASTAL COMMERCE BANK,0,2760102.0,"LOUISIANA COMMUNITY BANCORP, INC.",0,2909554,5
20171231.0,BNB BANK,549300UWA74T8PF7KY34,23504.0,"BRIDGE BANCORP, INC.",0,1416523,1
20171231.0,PCSB BANK,0,24006.0,PCSB FINANCIAL CORPORATION,0,5079476,2
20171231.0,PCSB COMMERCIAL BANK,0,3121081.0,PCSB FINANCIAL CORPORATION,0,5079476,2
20171231.0,BTH BANK NATIONAL ASSOCIATION,0,24668.0,"BT HOLDINGS, INC.",0,3488681,1
20171231.0,BLACKHAWK BANK,OTQ7L99FG3H1GQVQBT56,27548.0,"BLACKHAWK BANCORP, INC.",0,1491913,1
20171231.0,NORTHFIELD BANK,0,28013.0,"NORTHFIELD BANCORP, INC.",0,3132863,1
20171231.0,BLUE HILLS BANK,FJMKG323P0YU76XURH25,28406.0,"BLUE HILLS BANCORP, INC.",0,3742020,1
20171231.0,"CITIZENS BANK OF PHILADELPHIA, THE",0,29636.0,CITIZENS HOLDING COMPANY,0,1083475,1
20171231.0,DISCOVER BANK,X05BVSK68TQ7YTOSNR22,30810.0,DISCOVER FINANCIAL SERVICES,Z1YLO2USPORE63VVUL20,3846375,2
20171231.0,BANK OF NEW CASTLE,0,1404940.0,DISCOVER FINANCIAL SERVICES,Z1YLO2USPORE63VVUL20,3846375,2
20171231.0,SEACOAST NATIONAL BANK,0,34537.0,SEACOAST BANKING CORPORATION OF FLORIDA,0,1085013,1
20171231.0,STATE STREET BANK AND TRUST COMPANY,571474TGEMMWANRLN572,35301.0,STATE STREET CORPORATION,549300ZFEEJ2IP5VME73,1111435,4
20171231.0,"STATE STREET BANK AND TRUST COMPANY, N.A.",0,93619.0,STATE STREET CORPORATION,549300ZFEEJ2IP5VME73,1111435,4
20171231.0,STATE STREET INTERNATIONAL HOLDINGS,0,348104.0,STATE STREET CORPORATION,549300ZFEEJ2IP5VME73,1111435,4
20171231.0,"STATE STREET BANK AND TRUST COMPANY OF CALIFORNIA, N.A.",0,812164.0,STATE STREET CORPORATION,549300ZFEEJ2IP5VME73,1111435,4
20171231.0,INVESTORS BANK,5493002VB77GOYB9O402,35570.0,"INVESTORS BANCORP, INC.",0,2477754,1
20171231.0,UNITED BANK,0,37435.0,UNITED BANK CORPORATION,0,1082777,1
20171231.0,GERMAN AMERICAN BANCORP,5493002JDOI3GTNVUD76,37640.0,"GERMAN AMERICAN BANCORP, INC.",0,1098620,1
20171231.0,HARBORONE BANK,0,40499.0,HARBORONE MUTUAL BANCSHARES,0,4973362,1
20171231.0,FIRST COMMONWEALTH BANK,VN1JLT1F3FLLVN3FZG89,42420.0,FIRST COMMONWEALTH FINANCIAL CORPORATION,0,1071306,1
20171231.0,FIRST NATIONAL BANK,0,42448.0,"FIRST PARAGOULD BANKSHARES, INC.",0,1119383,1
20171231.0,STATE BANK OF DAVIS,0,45038.0,"FORESIGHT FINANCIAL GROUP, INC.",0,1137453,6
20171231.0,LENA STATE BANK,0,478533.0,"FORESIGHT FINANCIAL GROUP, INC.",0,1137453,6
20171231.0,GERMAN-AMERICAN STATE BANK,549300ZTG888WY6L8M95,556936.0,"FORESIGHT FINANCIAL GROUP, INC.",0,1137453,6
20171231.0,NORTHWEST BANK OF ROCKFORD,2138007DQF1WY8NDYM18,685649.0,"FORESIGHT FINANCIAL GROUP, INC.",0,1137453,6
20171231.0,STATE BANK OF HERSCHER,0,879336.0,"FORESIGHT FINANCIAL GROUP, INC.",0,1137453,6
20171231.0,STATE BANK,0,2791517.0,"FORESIGHT FINANCIAL GROUP, INC.",0,1137453,6
20171231.0,JEFFERSON BANK,549300RXHLK3XT6SD946,45560.0,"JEFFERSON BANCSHARES, INC.",5493009HVWSAHN85QL37,1109290,1
20171231.0,AMERICAN BANK & TRUST WISCONSIN,0,54441.0,ATBANCORP,0,1134694,3
20171231.0,AMERICAN TRUST & SAVINGS BANK,549300K4UTBLXTLS0A66,596848.0,ATBANCORP,0,1134694,3
20171231.0,UNITED AMERICAN BANK,0,3161144.0,ATBANCORP,0,1134694,3
20171231.0,CITIZENS STATE BANK,0,54656.0,"INDUSTRY BANCSHARES, INC.",0,2112439,6
20171231.0,"FIRST NATIONAL BANK OF BELLVILLE, THE",0,91754.0,"INDUSTRY BANCSHARES, INC.",0,2112439,6
20171231.0,"FIRST NATIONAL BANK OF SHINER, THE",0,342362.0,"INDUSTRY BANCSHARES, INC.",0,2112439,6
20171231.0,FAYETTEVILLE BANK,0,450753.0,"INDUSTRY BANCSHARES, INC.",0,2112439,6
20171231.0,INDUSTRY STATE BANK,0,733054.0,"INDUSTRY BANCSHARES, INC.",0,2112439,6
20171231.0,"BANK OF BRENHAM, NATIONAL ASSOCIATION",0,3042234.0,"INDUSTRY BANCSHARES, INC.",0,2112439,6
20171231.0,"AMERICAN SAVINGS BANK, F.S.B.",0,54973.0,"HAWAIIAN ELECTRIC INDUSTRIES, INC.",JJ8FWOCWCV22X7GUPJ23,3842957,1
20171231.0,CITIZENS NATIONAL BANK,0,56351.0,"HENDERSON CITIZENS BANCSHARES, INC.",0,1917600,1
20171231.0,COBIZ BANK,549300SZNJD0HVTNYS90,56557.0,"COBIZ FINANCIAL, INC.",UW4GNOJVVI4H1GTO8O90,1060328,1
20171231.0,JOHNSON BANK,IWRZQFYIRJ0IMURZBB68,58243.0,"JOHNSON FINANCIAL GROUP, INC.",549300SMIU4R1RSNLX11,1490701,1
20171231.0,WASHINGTON TRUST BANK,549300P2GEYNMH5OQA71,58971.0,W.T.B. FINANCIAL CORPORATION,0,1029464,1
20171231.0,WAYNE BANK,0,59316.0,NORWOOD FINANCIAL CORP.,0,2365356,1
20171231.0,COMERICA BANK,70WY0ID1N53Q4254VH70,60143.0,COMERICA INCORPORATED,I9Q57JVPWHHZ3ZGBW498,1199844,2
20171231.0,"COMERICA BANK & TRUST, NATIONAL ASSOCIATION",0,772446.0,COMERICA INCORPORATED,I9Q57JVPWHHZ3ZGBW498,1199844,2
20171231.0,FIRST UNITED BANK & TRUST,0,61122.0,FIRST UNITED CORPORATION,549300G54QPXQLB4KN58,1132672,1
20171231.0,CITY NATIONAL BANK,593C3GZG957YOJPS2Z63,63069.0,RBC USA HOLDCO CORPORATION,0,3226762,2
20171231.0,"RBC BANK (GEORGIA), NATIONAL ASSOCIATION",0,3783948.0,RBC USA HOLDCO CORPORATION,0,3226762,2
20171231.0,CITIZENS BANK,0,63733.0,"CITIZENS BANCORP INVESTMENT, INC.",0,1140239,1
20171231.0,CITIZENS UNION BANK OF SHELBYVILLE,0,65746.0,"CITIZENS UNION BANCORP OF SHELBYVILLE, INC.",0,1097566,1
20171231.0,EMPRISE BANK,D32W5EBLENJC27207O81,65858.0,EMPRISE FINANCIAL CORPORATION,VW8LTKRYE8933OSHYO35,1135824,1
20171231.0,"CITIZENS NATIONAL BANK OF MERIDIAN, THE",549300XFNTNQLLW0HY87,69333.0,CITIZENS NATIONAL BANC CORP.,0,3186576,1
20171231.0,"DNB FIRST, NATIONAL ASSOCIATION",0,71318.0,DNB FINANCIAL CORPORATION,0,1117455,1
20171231.0,ISABELLA BANK,549300XYX207IABFXL60,74140.0,ISABELLA BANK CORPORATION,0,1401118,1
20171231.0,MERRIMACK COUNTY SAVINGS BANK,549300YV7HFY5MTM2Z65,74403.0,NEW HAMPSHIRE MUTUAL BANCORP,0,4436559,2
20171231.0,MEREDITH VILLAGE SAVINGS BANK,549300EWO1QALFC6LE98,576608.0,NEW HAMPSHIRE MUTUAL BANCORP,0,4436559,2
20171231.0,BMO HARRIS BANK NATIONAL ASSOCIATION,0,75633.0,BMO FINANCIAL CORP.,H0XK735LRK7LZM6JH557,1245415,2
20171231.0,BMO HARRIS CENTRAL NATIONAL ASSOCIATION,0,3353154.0,BMO FINANCIAL CORP.,H0XK735LRK7LZM6JH557,1245415,2
20171231.0,FIRST FARMERS & MERCHANTS STATE BANK OF GRAND MEADOW,0,77150.0,215 HOLDING CO.,0,1247576,5
20171231.0,FIRST FARMERS & MERCHANTS BANK,549300TIX8J3RRFKXZ81,217059.0,215 HOLDING CO.,0,1247576,5
20171231.0,FIRST FARMERS & MERCHANTS STATE BANK,0,276654.0,215 HOLDING CO.,0,1247576,5
20171231.0,FIRST FARMERS & MERCHANTS NATIONAL BANK,0,917854.0,215 HOLDING CO.,0,1247576,5
20171231.0,FIRST FARMERS & MERCHANTS NATIONAL BANK,549300MIVSVBBGZIFR79,1470150.0,215 HOLDING CO.,0,1247576,5
20171231.0,FIRST BANK & TRUST,549300IQ5NY7CSJLZW53,77851.0,FISHBACK FINANCIAL CORPORATION,549300ZWTLH2V53Q1Z56,1123072,2
20171231.0,FIRST BANK & TRUST,549300QU5HBONFFVVX28,550756.0,FISHBACK FINANCIAL CORPORATION,549300ZWTLH2V53Q1Z56,1123072,2
20171231.0,WEST POINT BANK,0,79042.0,"FIRST BRECKINRIDGE BANCSHARES, INC.",0,1119404,5
20171231.0,"RIVER CITY BANK, INC.",0,396244.0,"FIRST BRECKINRIDGE BANCSHARES, INC.",0,1119404,5
20171231.0,FIRST STATE BANK,0,565143.0,"FIRST BRECKINRIDGE BANCSHARES, INC.",0,1119404,5
20171231.0,BANK OF CLARKSON,0,720344.0,"FIRST BRECKINRIDGE BANCSHARES, INC.",0,1119404,5
20171231.0,AMERICAN BANK & TRUST COMPANY INC.,549300CVK4UVTLHJ0R80,2919898.0,"FIRST BRECKINRIDGE BANCSHARES, INC.",0,1119404,5
20171231.0,OCEANFIRST BANK,0,85472.0,OCEANFIRST FINANCIAL CORP.,0,2609975,1
20171231.0,"NATIONAL COOPERATIVE BANK, N.A.",5493001GAASLCSP1PB64,99376.0,NATIONAL CONSUMER COOPERATIVE BANK,0,2398082,1
20171231.0,TRI COUNTIES BANK,549300W0YBCUV18HSR42,100562.0,TRICO BANCSHARES,0,1030170,1
20171231.0,BANK LEUMI USA,Z01RQ8BXBEV51Q8XKV43,101019.0,BANK LEUMI LE-ISRAEL CORPORATION,0,1245620,1
20171231.0,LANDMARK BANK,0,103255.0,LANDRUM COMPANY,0,1054514,1
20171231.0,FIRST FIDELITY BANK,549300ZL6THC5R7VUP98,106359.0,"FIRST FIDELITY BANCORP, INC.",0,1064728,1
20171231.0,"GUARANTY BANK & TRUST, N.A.",549300A2N0IEBKSB5I23,112163.0,"GUARANTY BANCSHARES, INC.",0,1862036,1
20171231.0,"CAPITAL ONE, NATIONAL ASSOCIATION",207ALC1P1YM0OVDV0K75,112837.0,CAPITAL ONE FINANCIAL CORPORATION,ZUE8T73ROZOF6FLBAR73,2277860,3
20171231.0,"CAPITAL ONE BANK (USA), NATIONAL ASSOCIATION",LKE37K2B8CFZUR7F9816,2253891.0,CAPITAL ONE FINANCIAL CORPORATION,ZUE8T73ROZOF6FLBAR73,2277860,3
20171231.0,CAPITAL ONE GLOBAL CORPORATION,0,4196291.0,CAPITAL ONE FINANCIAL CORPORATION,ZUE8T73ROZOF6FLBAR73,2277860,3
20171231.0,BANKPLUS,549300SFG15JDKI5MD22,121642.0,BANCPLUS CORPORATION,0,1097306,1
20171231.0,INDEPENDENT BANK,549300YCCZTMBHGTNQ79,122854.0,"INDEPENDENT BANK GROUP, INC.",0,3140288,1
20171231.0,STERLING NATIONAL BANK,549300TN38DPH732VI61,125471.0,STERLING BANCORP,0,3083291,1
20171231.0,EASTERN BANK,X8V2II80XTQHRH7NCB19,128904.0,EASTERN BANK CORPORATION,0,1427239,1
20171231.0,BYLINE BANK,54930011HPXXLJN2D407,129732.0,"BYLINE BANCORP, INC.",549300W7ODP4YL2H4823,1204627,1
20171231.0,HORIZON BANK,P7GC0W65KB5CEIHLDX81,130541.0,"HORIZON BANCORP, INC.",549300U2OQ2EIT5MXG39,1209136,1
20171231.0,"FNB BANK, NATIONAL ASSOCIATION",5493009FW6VEXI4KI776,131418.0,FULTON FINANCIAL CORPORATION,0,1117129,6
20171231.0,LAFAYETTE AMBASSADOR BANK,J26ETGOCF82NJ2H0D828,140018.0,FULTON FINANCIAL CORPORATION,0,1117129,6
20171231.0,SWINEFORD NATIONAL BANK,549300Y0GC16EB3RYF71,203418.0,FULTON FINANCIAL CORPORATION,0,1117129,6
20171231.0,"FULTON BANK, NATIONAL ASSOCIATION",DZC62HF6UIZYJ08V1J90,474919.0,FULTON FINANCIAL CORPORATION,0,1117129,6
20171231.0,"COLUMBIA BANK, THE",549300D1R5SJ6KWBXT17,1189993.0,FULTON FINANCIAL CORPORATION,0,1117129,6
20171231.0,FULTON BANK OF NEW JERSEY,8VPESZVIXN83ENVWIB56,1407932.0,FULTON FINANCIAL CORPORATION,0,1117129,6
20171231.0,GREAT WESTERN BANK,GOJ1L4ZO0WN3FOYLH432,131650.0,"GREAT WESTERN BANCORP, INC.",5493004X4OTHDTFBHI90,4809920,1
20171231.0,MBANK,549300X3PFQJ32XJSB27,132554.0,MACKINAC FINANCIAL CORPORATION,0,1123933,1
20171231.0,FIRST CITIZENS NATIONAL BANK,549300RZFHIGIM84KN09,133850.0,"FIRST CITIZENS BANCSHARES, INC.",0,1098796,1
20171231.0,MACHIAS SAVINGS BANK,0,137205.0,"MACHIAS BANCORP, MHC",0,2728577,1
20171231.0,EMIGRANT BANK,0,137915.0,NEW YORK PRIVATE BANK & TRUST CORPORATION,0,3212091,2
20171231.0,EMIGRANT MERCANTILE BANK,0,3268173.0,NEW YORK PRIVATE BANK & TRUST CORPORATION,0,3212091,2
20171231.0,EQUITY BANK,0,139656.0,"EQUITY BANCSHARES, INC.",0,3180547,1
20171231.0,WEST BANK,89Z2WRK82BORVH42CP71,139740.0,"WEST BANCORPORATION, INC.",549300GKFOINCHIYU666,1210066,1
20171231.0,FIRST FARMERS BANK & TRUST,549300TWHZRVTZ8RYT46,139843.0,FIRST FARMERS FINANCIAL CORPORATION,549300F1D89NKN4SJD05,1249039,1
20171231.0,SUNWEST BANK,549300KRZPD4CJ340L77,140362.0,H BANCORP LLC,549300A88LVIPBJPKT75,2453084,1
20171231.0,STEARNS BANK NATIONAL ASSOCIATION,0,141556.0,"STEARNS FINANCIAL SERVICES, INC.",0,1427275,3
20171231.0,"STEARNS BANK OF UPSALA, NATIONAL ASSOCIATION",0,208459.0,"STEARNS FINANCIAL SERVICES, INC.",0,1427275,3
20171231.0,"STEARNS BANK OF HOLDINGFORD, NATIONAL ASSOCIATION",0,1011656.0,"STEARNS FINANCIAL SERVICES, INC.",0,1427275,3
20171231.0,UMPQUA BANK,IFQSIUC9AGQV2NE8CN25,143662.0,UMPQUA HOLDINGS CORPORATION,0,2747644,1
20171231.0,FIRST FARMERS AND MERCHANTS BANK,0,150035.0,FIRST FARMERS AND MERCHANTS CORPORATION,0,1083783,1
20171231.0,HEARTLAND BANK,0,155777.0,SIMMONS FIRST NATIONAL CORPORATION,0,1094828,4
20171231.0,BANK SNB,54930007N7B3W7X2B812,398350.0,SIMMONS FIRST NATIONAL CORPORATION,0,1094828,4
20171231.0,SOUTHWEST BANK,MWOHLJHB72MKNNDQ3H72,423458.0,SIMMONS FIRST NATIONAL CORPORATION,0,1094828,4
20171231.0,SIMMONS BANK,549300DPRWSBUY619V27,663245.0,SIMMONS FIRST NATIONAL CORPORATION,0,1094828,4
20171231.0,WILSON BANK & TRUST,0,159636.0,WILSON BANK HOLDING COMPANY,0,2004141,1
20171231.0,KS STATEBANK,549300Z6EE8DBBFUW487,160959.0,MANHATTAN BANKING CORPORATION,0,1139363,1
20171231.0,"CANANDAIGUA NATIONAL BANK AND TRUST COMPANY, THE",549300RM7ARTTP3T1V93,161602.0,CANANDAIGUA NATIONAL CORPORATION,549300ZMWSV3XTQGUA75,1133503,2
20171231.0,CANANDAIGUA NATIONAL TRUST COMPANY OF FLORIDA,0,3952904.0,CANANDAIGUA NATIONAL CORPORATION,549300ZMWSV3XTQGUA75,1133503,2
20171231.0,RIVER VALLEY BANK,549300TV5ZED3EINI708,163549.0,"RIVER VALLEY BANCORPORATION, INC.",0,1209426,1
20171231.0,FIRST FINANCIAL BANK,0,165628.0,FIRST FINANCIAL BANCORP,0,1071276,1
20171231.0,"BANK OF CASTILE, THE",0,165806.0,TOMPKINS FINANCIAL CORPORATION,0,2367921,4
20171231.0,TOMPKINS TRUST COMPANY,0,433608.0,TOMPKINS FINANCIAL CORPORATION,0,2367921,4
20171231.0,MAHOPAC BANK,0,521804.0,TOMPKINS FINANCIAL CORPORATION,0,2367921,4
20171231.0,VIST BANK,0,678717.0,TOMPKINS FINANCIAL CORPORATION,0,2367921,4
20171231.0,FIRST NATIONAL BANK OF NORTHERN CALIFORNIA,0,167060.0,FNB BANCORP,0,3047743,1
20171231.0,FIRST BANK,549300DT7WZ1SOTNFJ62,169653.0,"FIRST BANKS, INC.",0,1118797,1
20171231.0,COLUMBIA BANK,5493005LKFCLR81TSN28,174572.0,COLUMBIA BANK MHC,0,2571120,1
20171231.0,CASS COMMERCIAL BANK,0,177751.0,"CASS INFORMATION SYSTEMS, INC.",0,1098648,1
20171231.0,"MIDDLEFIELD BANKING COMPANY, THE",0,177920.0,MIDDLEFIELD BANC CORP,0,1398740,1
20171231.0,FIRST CITIZENS BANK,0,186744.0,FIRST CITIZENS FINANCIAL CORP.,0,1203509,1
20171231.0,BANK IOWA,549300NDNZ6EWP8BJI88,187947.0,BANK IOWA CORPORATION,0,1202762,1
20171231.0,INLAND BANK AND TRUST,549300BU5TSYOCF3Y655,189745.0,"INLAND BANCORP, INC.",549300OFLPINK5SI8U91,2944144,1
20171231.0,CITIZENS BANK & TRUST COMPANY,0,192147.0,FIRST BANK CORP,0,1491360,2
20171231.0,"FIRST NATIONAL BANK OF FORT SMITH, THE",549300BREPLU2KKPI102,397540.0,FIRST BANK CORP,0,1491360,2
20171231.0,EAST WEST BANK,F28JOQ8OBWCFUYM0UX93,197478.0,"EAST WEST BANCORP, INC.",0,2734233,1
20171231.0,"BANC OF CALIFORNIA, NATIONAL ASSOCIATION",549300IBHVRZNE4YFN80,200378.0,"BANC OF CALIFORNIA, INC.",549300ZKWUJDP6LJ1X87,3153130,1
20171231.0,WAUCHULA STATE BANK,0,200435.0,CREWS BANKING CORPORATION,0,1081239,4
20171231.0,"FIRST STATE BANK OF ARCADIA, THE",549300I2VXVEZZG4TK86,297631.0,CREWS BANKING CORPORATION,0,1081239,4
20171231.0,CHARLOTTE STATE BANK & TRUST,0,1158878.0,CREWS BANKING CORPORATION,0,1081239,4
20171231.0,ENGLEWOOD BANK & TRUST,0,1186965.0,CREWS BANKING CORPORATION,0,1081239,4
20171231.0,LAKESIDE BANK,549300DUTN4RUBI81Z18,201834.0,"LAKESIDE BANCORP, INC.",549300B0P9NB37HU4C70,2128917,1
20171231.0,"COMMUNITY BANK, NATIONAL ASSOCIATION",0,202907.0,"COMMUNITY BANK SYSTEM, INC.",0,1048867,1
20171231.0,MIDWEST HERITAGE BANK FSB,254900FI363837PZX856,203043.0,"HY-VEE, INC.",0,1200852,1
20171231.0,PROVIDENT BANK,5493004NH61PL6YYNH25,204004.0,"PROVIDENT FINANCIAL SERVICES, INC.",0,3133637,1
20171231.0,LOS ALAMOS NATIONAL BANK,0,205654.0,TRINITY CAPITAL CORPORATION,549300QP9GRDFOOQFM86,1056161,1
20171231.0,"FIRST NATIONAL BANK AND TRUST COMPANY, THE",5493001SSNVCONGBH947,207845.0,"CENTRE 1 BANCORP, INC.",0,1209042,1
20171231.0,OLD NATIONAL BANK,549300AT7EB9FJAF0E61,208244.0,OLD NATIONAL BANCORP,549300MMK90CL5KMVX16,1098303,1
20171231.0,"NORTHERN TRUST COMPANY, THE",6PTKHDJ8HDUF78PFWH30,210434.0,NORTHERN TRUST CORPORATION,549300GLF98S992BC502,1199611,2
20171231.0,"NORTHERN TRUST INTERNATIONAL BANKING CORPORATION, THE",0,909514.0,NORTHERN TRUST CORPORATION,549300GLF98S992BC502,1199611,2
20171231.0,"NORTH AMERICAN SAVINGS BANK, FSB",549300K6K2IS7FRS7S09,211271.0,"NASB FINANCIAL, INC.",0,3841941,1
20171231.0,"MUFG UNION BANK, NATIONAL ASSOCIATION",OX3PU53ZLPQKJ4700D47,212465.0,MUFG AMERICAS HOLDINGS CORPORATION,0,1378434,1
20171231.0,SOMERSET TRUST COMPANY,0,212522.0,SOMERSET TRUST HOLDING COMPANY,0,2914857,1
20171231.0,HOMETRUST BANK,549300COIWXM618UBE82,212577.0,"HOMETRUST BANCSHARES, INC.",0,4366003,1
20171231.0,"FARMERS & MERCHANTS STATE BANK, THE",0,214414.0,"FARMERS & MERCHANTS BANCORP, INC.",0,1134630,1
20171231.0,CHESAPEAKE BANK,254900YJPIZ3RCMEM452,214722.0,"CHESAPEAKE FINANCIAL SHARES, INC.",0,1075881,1
20171231.0,DEUTSCHE BANK TRUST COMPANY AMERICAS,8EWQ2UQKS07AKK8ANH81,214807.0,DB USA CORPORATION,529900RO45LRDMWLRI57,2816906,4
20171231.0,DEUTSCHE BANK TRUST COMPANY DELAWARE,529900KRQNFT92BXR447,304913.0,DB USA CORPORATION,529900RO45LRDMWLRI57,2816906,4
20171231.0,DEUTSCHE BANK NATIONAL TRUST COMPANY,529900U7AT9B9UMLXG16,670560.0,DB USA CORPORATION,529900RO45LRDMWLRI57,2816906,4
20171231.0,"DEUTSCHE BANK TRUST COMPANY, NATIONAL ASSOCIATION",52990003G0GD0V8KMG88,2325882.0,DB USA CORPORATION,529900RO45LRDMWLRI57,2816906,4
20171231.0,"FIRST NATIONAL BANK IN CRESTON, THE",0,214843.0,NORTHWEST FINANCIAL CORP.,0,1978713,2
20171231.0,NORTHWEST BANK,549300RBJCM5B02O5U05,1387605.0,NORTHWEST FINANCIAL CORP.,0,1978713,2
20171231.0,FIRST BANK,254900L67A0ZTJRS6614,216922.0,FIRST BANCORP,0,1076431,1
20171231.0,"BANK OF EDWARDSVILLE, THE",0,219343.0,"BANC ED CORP., THE",0,2066868,1
20171231.0,PEOPLES BANK,5493006HXEF6V2NZED40,220527.0,"PEOPLES BANCORP OF NORTH CAROLINA, INC.",0,2818245,1
20171231.0,"FIRST BANK AND TRUST COMPANY, THE",0,223322.0,"FIRST BANCORP, INC.",549300V6LKROCIL7OI49,1988646,1
20171231.0,"MIDSOUTH BANK, N.A.",MXUKQJKNI44KEXCGF743,223331.0,"MIDSOUTH BANCORP, INC.",0,1086654,1
20171231.0,STATE BANK & TRUST CO.,0,229342.0,AMES NATIONAL CORPORATION,0,1202258,5
20171231.0,RELIANCE STATE BANK,25490003YGASV5ENH153,466044.0,AMES NATIONAL CORPORATION,0,1202258,5
20171231.0,BOONE BANK & TRUST CO.,0,745347.0,AMES NATIONAL CORPORATION,0,1202258,5
20171231.0,"FIRST NATIONAL BANK AMES, IOWA",549300OIJZOV6CPR1Y57,820048.0,AMES NATIONAL CORPORATION,0,1202258,5
20171231.0,UNITED BANK & TRUST N.A.,0,3103591.0,AMES NATIONAL CORPORATION,0,1202258,5
20171231.0,VALLEY NATIONAL BANK,0,229801.0,VALLEY NATIONAL BANCORP,0,1048773,1
20171231.0,MIZUHO BANK (USA),51KMXRLB0RIEGI0WJN58,229913.0,MIZUHO AMERICAS LLC,0,5034792,1
20171231.0,INTERNATIONAL BANK OF COMMERCE,0,230759.0,INTERNATIONAL BANCSHARES CORPORATION,549300Y16R531AU8TX77,1104231,5
20171231.0,INTERNATIONAL BANK OF COMMERCE,0,382069.0,INTERNATIONAL BANCSHARES CORPORATION,549300Y16R531AU8TX77,1104231,5
20171231.0,COMMERCE BANK,0,625159.0,INTERNATIONAL BANCSHARES CORPORATION,549300Y16R531AU8TX77,1104231,5
20171231.0,INTERNATIONAL BANK OF COMMERCE,0,1001152.0,INTERNATIONAL BANCSHARES CORPORATION,549300Y16R531AU8TX77,1104231,5
20171231.0,INTERNATIONAL BANK OF COMMERCE,0,5050028.0,INTERNATIONAL BANCSHARES CORPORATION,549300Y16R531AU8TX77,1104231,5
20171231.0,REGIONS BANK,EQTWLK1G7ODGC2MGLV11,233031.0,REGIONS FINANCIAL CORPORATION,CW05CS5KW59QTC0DG824,3242838,1
20171231.0,FIRST VOLUNTEER BANK,54930095LY1EDFTWAG29,234739.0,FIRST VOLUNTEER CORPORATION,0,1081716,1
20171231.0,FIRST INTERNATIONAL BANK AND TRUST,5493002LPXKMOZNXUY90,236153.0,"WATFORD CITY BANCSHARES, INC.",0,1135048,1
20171231.0,PEAPACK-GLADSTONE BANK,0,236706.0,PEAPACK-GLADSTONE FINANCIAL CORPORATION,0,2651590,1
20171231.0,WEST TEXAS NATIONAL BANK,0,237066.0,"FIRST WEST TEXAS BANCSHARES, INC.",0,1109834,1
20171231.0,ENTEGRA BANK,549300M43WLX8F5V6M79,239275.0,ENTEGRA FINANCIAL CORP.,549300IGTAG3ZXKC7O06,2427665,1
20171231.0,FNCB BANK,0,239613.0,"FNCB BANCORP, INC.",0,2560263,1
20171231.0,GORHAM SAVINGS BANK,DZHW4H2BUS3DOGKT0727,241607.0,"GORHAM BANCORP, MHC",0,3444717,1
20171231.0,TRI CITY NATIONAL BANK,549300OCKUW7YV0YNV03,242444.0,TRI CITY BANKSHARES CORPORATION,0,1203974,1
20171231.0,GREEN DOT BANK,0,243375.0,GREEN DOT CORPORATION,0,4057262,1
20171231.0,ORIENTAL BANK,549300ZLPU75MU7O0T38,245276.0,OFG BANCORP,0,2490575,1
20171231.0,KENNEBUNK SAVINGS BANK,0,247908.0,"KENNEBUNK SAVINGS BANCORP, MHC",0,5117323,1
20171231.0,APPLE BANK FOR SAVINGS,549300N1UWZ4871DND44,249612.0,"APPLE FINANCIAL HOLDINGS, INC.",0,3446412,1
20171231.0,MOODY NATIONAL BANK,0,253356.0,"MOODY BANCSHARES, INC.",0,1107522,1
20171231.0,BANK OF COLORADO,0,255659.0,"PINNACLE BANCORP, INC.",0,1053272,4
20171231.0,PINNACLE BANK - WYOMING,0,561659.0,"PINNACLE BANCORP, INC.",0,1053272,4
20171231.0,PINNACLE BANK,0,867650.0,"PINNACLE BANCORP, INC.",0,1053272,4
20171231.0,PINNACLE BANK,0,913856.0,"PINNACLE BANCORP, INC.",0,1053272,4
20171231.0,DACOTAH BANK,549300UQPFB0RR8JCA42,256553.0,"DACOTAH BANKS, INC.",0,1121229,1
20171231.0,HOMESTREET BANK,01KWVG908KE7RKPTNP46,258771.0,"HOMESTREET, INC.",0,3843507,1
20171231.0,ALPINE BANK,OYWNLMHNBQQ7BAH3EE86,260055.0,ALPINE BANKS OF COLORADO,0,1061679,1
20171231.0,BANK OF NEW HAMPSHIRE,254900PJVECT3YD6KY88,265407.0,BNH FINANCIAL,0,2545831,1
20171231.0,TCF NATIONAL BANK,549300GJGUHNTC6JI536,266271.0,TCF FINANCIAL CORPORATION,0,2389941,2
20171231.0,"TCF BANK INTERNATIONAL, INC.",0,3856066.0,TCF FINANCIAL CORPORATION,0,2389941,2
20171231.0,MASCOMA BANK,0,268006.0,MASCOMA MUTUAL FINANCIAL SERVICES CORPORATION,0,3846106,1
20171231.0,CARVER FEDERAL SAVINGS BANK,0,268677.0,"CARVER BANCORP, INC.",0,2531245,1
20171231.0,SOUTHERN BANK,549300YKBMBBIIMQJS94,272272.0,"SOUTHERN MISSOURI BANCORP, INC.",0,3266227,1
20171231.0,"BANK OF TAMPA, THE",549300H3F1P2EQW0FC36,273336.0,TAMPA BAY BANKING COMPANY,0,1246467,1
20171231.0,FIRST STATE BANK OF UVALDE,0,273662.0,"BRISCOE RANCH, INC.",0,1102451,1
20171231.0,NORTHWESTERN BANK,0,274548.0,SECURITY NATIONAL CORPORATION,0,1200348,3
20171231.0,"THE SECURITY NATIONAL BANK OF SIOUX CITY, IOWA",5493003QPO86QUI9FJ04,418249.0,SECURITY NATIONAL CORPORATION,0,1200348,3
20171231.0,SECURITY NATIONAL BANK OF SOUTH DAKOTA,549300RK7Q0WLYYRNC19,2529176.0,SECURITY NATIONAL CORPORATION,0,1200348,3
20171231.0,"ZB, NATIONAL ASSOCIATION",8WH0EE09O9V05QJZ3V89,276579.0,ZIONS BANCORPORATION,YYQWUR1Z2BCX32HQS333,1027004,1
20171231.0,PEOPLES SECURITY BANK AND TRUST COMPANY,0,278818.0,PEOPLES FINANCIAL SERVICES CORPORATION,0,1139541,1
20171231.0,FLORENCE BANK,0,279105.0,"FLORENCE BANCORP, MHC",0,3367106,1
20171231.0,KEYBANK NATIONAL ASSOCIATION,0,280110.0,KEYCORP,RKPI3RZGV1V1FJTH5T61,1068025,3
20171231.0,KEY EQUIPMENT FINANCE INTERNATIONAL INC.,549300LWEBPTNGB7SP52,2599601.0,KEYCORP,RKPI3RZGV1V1FJTH5T61,1068025,3
20171231.0,KEY NATIONAL TRUST COMPANY OF DELAWARE,0,4368351.0,KEYCORP,RKPI3RZGV1V1FJTH5T61,1068025,3
20171231.0,WASHINGTON FINANCIAL BANK,5493000M096YV1VLKD70,282075.0,WFSB MUTUAL HOLDING COMPANY,0,3831326,1
20171231.0,FIRSTBANK,5493009V3WNJX9V2GZ85,288853.0,FIRSTBANK HOLDING COMPANY,0,1060627,1
20171231.0,FARMERS AND MERCHANTS TRUST COMPANY OF CHAMBERSBURG,0,289515.0,FRANKLIN FINANCIAL SERVICES CORPORATION,0,1118238,1
20171231.0,NORWAY SAVINGS BANK,549300S32ZDD67D2FB46,289702.0,"NORWAY BANCORP, MHC",0,2835475,1
20171231.0,CENTRAL BANK OF THE OZARKS,549300CFJHGA40RI7O81,290052.0,"CENTRAL BANCOMPANY, INC",0,1094314,13
20171231.0,CENTRAL BANK OF BOONE COUNTY,549300OUV501REVTQ527,299046.0,"CENTRAL BANCOMPANY, INC",0,1094314,13
20171231.0,CENTRAL BANK OF WARRENSBURG,549300T7TUTAOW4OUS39,386852.0,"CENTRAL BANCOMPANY, INC",0,1094314,13
20171231.0,CENTRAL BANK OF ST. LOUIS,549300ZQKLX5VHD8E865,506249.0,"CENTRAL BANCOMPANY, INC",0,1094314,13
20171231.0,CENTRAL BANK OF BRANSON,0,576541.0,"CENTRAL BANCOMPANY, INC",0,1094314,13
20171231.0,CENTRAL BANK OF SEDALIA,0,611451.0,"CENTRAL BANCOMPANY, INC",0,1094314,13
20171231.0,CENTRAL BANK OF THE MIDWEST,0,704559.0,"CENTRAL BANCOMPANY, INC",0,1094314,13
20171231.0,"CENTRAL TRUST BANK, THE",0,853952.0,"CENTRAL BANCOMPANY, INC",0,1094314,13
20171231.0,JEFFERSON BANK OF MISSOURI,0,854454.0,"CENTRAL BANCOMPANY, INC",0,1094314,13
20171231.0,CENTRAL BANK OF AUDRAIN COUNTY,0,934954.0,"CENTRAL BANCOMPANY, INC",0,1094314,13
20171231.0,CENTRAL BANK OF MOBERLY,0,997650.0,"CENTRAL BANCOMPANY, INC",0,1094314,13
20171231.0,CENTRAL BANK OF LAKE OF THE OZARKS,0,1015243.0,"CENTRAL BANCOMPANY, INC",0,1094314,13
20171231.0,CENTRAL BANK OF OKLAHOMA,0,2826316.0,"CENTRAL BANCOMPANY, INC",0,1094314,13
20171231.0,"EVANS BANK, NATIONAL ASSOCIATION",0,292908.0,"EVANS BANCORP, INC.",0,1401190,1
20171231.0,COMMUNITY NATIONAL BANK,0,293053.0,"MIDLAND BANCSHARES, INC.",0,2868950,1
20171231.0,TIMBERLAND BANK,0,294779.0,"TIMBERLAND BANCORP, INC.",0,2621548,1
20171231.0,MINNWEST BANK,549300WYC8C6REMY4E38,302656.0,MINNWEST CORPORATION,0,1141348,1
20171231.0,KLEINBANK,0L0W72STJN2EGP1X2N39,303550.0,"KLEIN FINANCIAL, INC.",0,1123915,1
20171231.0,FORT HOOD NATIONAL BANK,0,305750.0,"FIRST COMMUNITY BANCSHARES, INC.",0,1108097,2
20171231.0,FIRST NATIONAL BANK TEXAS DBA FIRST CONVENIENCE BANK,5493006KQF5UKZ3Y9N07,613950.0,"FIRST COMMUNITY BANCSHARES, INC.",0,1108097,2
20171231.0,WATERSTONE BANK,549300GDJSUYPH6UC416,310978.0,"WATERSTONE FINANCIAL, INC.",5493002KM21XRC2DCQ02,4523431,1
20171231.0,AMERICAN HERITAGE BANK,0,311050.0,"AMERICAN BANCORPORATION, INC.",0,1052220,1
20171231.0,ARVEST BANK,COINQMNIM6RBU631DD85,311845.0,"ARVEST BANK GROUP, INC.",PW6XHTL8UAL7DB8VUQ11,1095674,1
20171231.0,BRIDGEVIEW BANK GROUP,0,312730.0,"BRIDGEVIEW BANCORP, INC.",0,1209145,1
20171231.0,REPUBLIC BANK & TRUST COMPANY,0,316840.0,"REPUBLIC BANCORP, INC.",0,1097025,1
20171231.0,STOCK YARDS BANK & TRUST COMPANY,4LJGQ9KJ9S0CP4B1FY29,317342.0,"STOCK YARDS BANCORP, INC.",549300YERP9H5TDIQW16,1249730,1
20171231.0,FIRST FEDERAL SAVINGS AND LOAN ASSOCIATION OF LAKEWOOD,549300DPWFIO1S3DF358,318974.0,FIRST MUTUAL HOLDING CO.,0,4843090,2
20171231.0,BELPRE SAVINGS BANK,0,493077.0,FIRST MUTUAL HOLDING CO.,0,4843090,2
20171231.0,ISRAEL DISCOUNT BANK OF NEW YORK,MWFSX38ED3OPH2LWN965,320119.0,"DISCOUNT BANCORP, INC.",0,2894230,1
20171231.0,"FIRST NATIONAL BANK IN SIOUX FALLS, THE",Q107R4XFOZ6F6K73C488,326858.0,"MINNEHAHA BANSHARES, INC.",549300F5C4INIKRH1J66,1126354,1
20171231.0,PENN COMMUNITY BANK,549300L3C3LKXG2XBS96,328777.0,PENN COMMUNITY MUTUAL HOLDINGS INC,0,3200463,1
20171231.0,"BANK OF MISSOURI, THE",0,330855.0,"RELIABLE COMMUNITY BANCSHARES, INC.",549300J2M0CK8MCJZS35,1416439,2
20171231.0,MID AMERICA BANK & TRUST COMPANY,0,894151.0,"RELIABLE COMMUNITY BANCSHARES, INC.",549300J2M0CK8MCJZS35,1416439,2
20171231.0,"COLONIAL SAVINGS, FA",549300EMNQ2QLOEPQ289,339072.0,FIRST WESTERN MORTGAGE CORPORATION,0,3821372,1
20171231.0,"BOKF, NATIONAL ASSOCIATION",FU7RSW4CQQY98A2O7J66,339858.0,BOK FINANCIAL CORPORATION,GRI2NT5QHYW751NMR949,1883693,1
20171231.0,BANK OF TENNESSEE,549300CTISSNREVLNO46,340135.0,BANCTENN CORP.,0,1135002,1
20171231.0,CIBM BANK,549300RIPPSJXAQKZ383,340742.0,"CIB MARINE BANCSHARES, INC.",0,1139532,1
20171231.0,ORRSTOWN BANK,54930060KLIQD8MMSB55,342410.0,"ORRSTOWN FINANCIAL SERVICES, INC.",0,1248153,1
20171231.0,TRUSTMARK NATIONAL BANK,01J4SO3XTWZF4PP38209,342634.0,TRUSTMARK CORPORATION,5493000HPQ4D2RZ79739,1079562,1
20171231.0,"FIRST BANKERS TRUST COMPANY, NATIONAL ASSOCIATION",0,344647.0,"FIRST BANKERS TRUSTSHARES, INC.",0,1404632,1
20171231.0,"CITIZENS DEPOSIT BANK & TRUST, INC.",549300BDG3JYX3L37670,344816.0,"PREMIER FINANCIAL BANCORP, INC.",0,2007647,2
20171231.0,"PREMIER BANK, INC.",549300SY7D44QB2JV602,2692753.0,"PREMIER FINANCIAL BANCORP, INC.",0,2007647,2
20171231.0,"AMERICAN BANK, NATIONAL ASSOCIATION",0,345345.0,"AMBANK COMPANY, INC.",5493003ZC7SKISBA2026,1201457,2
20171231.0,AMERICAN STATE BANK,549300BNZVNK1XN85P72,735441.0,"AMBANK COMPANY, INC.",5493003ZC7SKISBA2026,1201457,2
20171231.0,BELMONT SAVINGS BANK,549300U2W3RYPYVWZY37,348207.0,BSB BANCORP INC.,0,3929791,1
20171231.0,BANNER BANK,WE0I402RW25AU38DTI13,352772.0,BANNER CORPORATION,0,2126977,2
20171231.0,ISLANDERS BANK,0,447874.0,BANNER CORPORATION,0,2126977,2
20171231.0,AMARILLO NATIONAL BANK,549300ASIS4D2QDWH380,353555.0,"AMARILLO NATIONAL BANCORP, INC.",0,1107205,1
20171231.0,UNIVEST BANK AND TRUST CO.,0,354310.0,UNIVEST CORPORATION OF PENNSYLVANIA,0,1116609,1
20171231.0,SOUTHSIDE BANK,549300BEM32ZRV7MJ178,361167.0,"SOUTHSIDE BANCSHARES, INC.",549300TC83207VQA2K65,1245068,1
20171231.0,MONROE BANK & TRUST,0,364449.0,MBT FINANCIAL CORP.,0,2907822,1
20171231.0,UNITED BANK,0,365325.0,"UNITED BANKSHARES, INC.",0,1076217,1
20171231.0,KENTUCKY BANK,0,373115.0,"KENTUCKY BANCSHARES, INC.",0,1070831,1
20171231.0,FIRST PREMIER BANK,549300Z77WUYJM3QG591,374653.0,UNITED NATIONAL CORPORATION,0,1842421,1
20171231.0,WEST SUBURBAN BANK,0,375034.0,"WEST SUBURBAN BANCORP, INC.",0,1245705,1
20171231.0,"PEOPLES NATIONAL BANK, NATIONAL ASSOCIATION",549300U8L31JJT1ZDP60,375043.0,"MARKET STREET BANCSHARES, INC.",0,1250437,1
20171231.0,"PROVIDENT BANK, THE",549300GBPH5PK1AIGV76,375502.0,PROVIDENT BANCORP,0,2838159,1
20171231.0,CENTURY BANK AND TRUST COMPANY,549300NFO21T5DF35226,377908.0,"CENTURY BANCORP, INC.",0,1111088,1
20171231.0,FIRST NATIONAL BANK OF PENNSYLVANIA,N8T7HW55LK5D2ORCKP39,379920.0,F.N.B. CORPORATION,PCYSKIGYNYFDTBLVZU83,3005332,2
20171231.0,FIRST NATIONAL TRUST COMPANY,0,3229875.0,F.N.B. CORPORATION,PCYSKIGYNYFDTBLVZU83,3005332,2
20171231.0,FIVE POINTS BANK OF HASTINGS,0,386450.0,HOMETOWN BANC CORP,0,2482196,2
20171231.0,FIVE POINTS BANK,0,554857.0,HOMETOWN BANC CORP,0,2482196,2
20171231.0,"UNITED FIDELITY BANK, FSB",549300RV3BMT6ES6TO70,391575.0,"PEDCOR FINANCIAL, LLC",0,3848931,1
20171231.0,SYNOVUS BANK,DX0JX77PRMOELF7VG772,395238.0,SYNOVUS FINANCIAL CORP.,549300EIUS8UN5JTLE54,1078846,2
20171231.0,"SYNOVUS TRUST COMPANY, NATIONAL ASSOCIATION",0,2262718.0,SYNOVUS FINANCIAL CORP.,549300EIUS8UN5JTLE54,1078846,2
20171231.0,"BANK OF NEW YORK MELLON TRUST COMPANY, NATIONAL ASSOCIATION, THE",0,398668.0,"BANK OF NEW YORK MELLON CORPORATION, THE",WFLLPEPC7FZXENRZV188,3587146,6
20171231.0,BNY MELLON TRUST OF DELAWARE,0,488318.0,"BANK OF NEW YORK MELLON CORPORATION, THE",WFLLPEPC7FZXENRZV188,3587146,6
20171231.0,"BANK OF NEW YORK MELLON, THE",HPFHU0OQ28E4N0NFVK49,541101.0,"BANK OF NEW YORK MELLON CORPORATION, THE",WFLLPEPC7FZXENRZV188,3587146,6
20171231.0,BNY INTERNATIONAL FINANCING CORPORATION,0,720317.0,"BANK OF NEW YORK MELLON CORPORATION, THE",WFLLPEPC7FZXENRZV188,3587146,6
20171231.0,"BNY MELLON, NATIONAL ASSOCIATION",0,934329.0,"BANK OF NEW YORK MELLON CORPORATION, THE",WFLLPEPC7FZXENRZV188,3587146,6
20171231.0,MELLON OVERSEAS INVESTMENT CORPORATION,0,978819.0,"BANK OF NEW YORK MELLON CORPORATION, THE",WFLLPEPC7FZXENRZV188,3587146,6
20171231.0,CNB BANK,549300NBFK4GO76FTE84,399517.0,CNB FINANCIAL CORPORATION,0,1118340,1
20171231.0,CORNERSTONE BANK,549300MNVXT92RBYBF93,403151.0,FIRST YORK BAN CORP.,0,1050646,1
20171231.0,FIRST FEDERAL SAVINGS AND LOAN ASSOCIATION OF PORT ANGELES,549300XW2H531FLD3I90,403179.0,FIRST NORTHWEST BANCORP,549300YDR3VSTKB9DQ65,4438366,1
20171231.0,ION BANK,5493004D0Z2WQR26VL57,407506.0,ION FINANCIAL MHC,0,3912766,1
20171231.0,"SEVERN SAVINGS BANK, FSB",549300BSREUOP0WE2207,411473.0,"SEVERN BANCORP, INC.",0,3831465,1
20171231.0,WOODFOREST NATIONAL BANK,549300RX3OHHKBC2EQ32,412751.0,"WOODFOREST FINANCIAL GROUP, INC.",549300PK7P99LXNJNK46,1137770,1
20171231.0,FIRST NATIONAL BANK OF AMERICA,254900WTZC5SSKIN2M11,413141.0,"FIRST NATIONAL BANCSHARES, INC.",0,1206313,1
20171231.0,"HSBC BANK USA, NATIONAL ASSOCIATION",1IE8VN30JCEQV1H4R804,413208.0,HSBC NORTH AMERICA HOLDINGS INC.,213800JCL1FHBQK3M654,3232316,4
20171231.0,HSBC PRIVATE BANK INTERNATIONAL,213800PPPZWQ71Z9B354,569039.0,HSBC NORTH AMERICA HOLDINGS INC.,213800JCL1FHBQK3M654,3232316,4
20171231.0,HSBC INTERNATIONAL FINANCE CORPORATION (DELAWARE),2138007PDDIPOVEDJ383,753276.0,HSBC NORTH AMERICA HOLDINGS INC.,213800JCL1FHBQK3M654,3232316,4
20171231.0,"HSBC TRUST COMPANY (DELAWARE), NATIONAL ASSOCIATION",213800YZ9JIXS1NF1M60,3357620.0,HSBC NORTH AMERICA HOLDINGS INC.,213800JCL1FHBQK3M654,3232316,4
20171231.0,BUSEY BANK,549300O7SGM8FH65GQ47,416245.0,FIRST BUSEY CORPORATION,549300X4ZNLYSX7GUY60,1203602,2
20171231.0,SOUTH SIDE TRUST & SAVINGS BANK OF PEORIA,5493006VLU3CL17C6763,662640.0,FIRST BUSEY CORPORATION,549300X4ZNLYSX7GUY60,1203602,2
20171231.0,BANGOR SAVINGS BANK,549300JEBULFT3BSU682,419406.0,"BANGOR BANCORP, MHC",0,3547999,1
20171231.0,FIRST GUARANTY BANK,0,422433.0,"FIRST GUARANTY BANCSHARES, INC.",0,3589560,1
20171231.0,HEARTLAND BANK & TRUST COMPANY,EFBDHEMMHTWI378O4988,426534.0,"HEARTLAND BANCORP, INC.",0,1208120,1
20171231.0,ST. CHARLES BANK & TRUST COMPANY,549300UDBUNBNEKR8J69,428547.0,WINTRUST FINANCIAL CORPORATION,Q774KI4AW80FHFW33O61,2260406,17
20171231.0,STATE BANK OF THE LAKES,549300KX2KT8MOAS5Q71,595430.0,WINTRUST FINANCIAL CORPORATION,Q774KI4AW80FHFW33O61,2260406,17
20171231.0,"LAKE FOREST BANK & TRUST COMPANY, NATIONAL ASSOCIATION",5493004MWCDBCBTXE044,1917301.0,WINTRUST FINANCIAL CORPORATION,Q774KI4AW80FHFW33O61,2260406,17
20171231.0,WHEATON BANK & TRUST COMPANY,549300S5LHMBX3WRT314,2044811.0,WINTRUST FINANCIAL CORPORATION,Q774KI4AW80FHFW33O61,2260406,17
20171231.0,HINSDALE BANK & TRUST COMPANY,9LIMABRJ9VPV74PBJB17,2119773.0,WINTRUST FINANCIAL CORPORATION,Q774KI4AW80FHFW33O61,2260406,17
20171231.0,WINTRUST BANK,549300RAQJBTN6Z28096,2239288.0,WINTRUST FINANCIAL CORPORATION,Q774KI4AW80FHFW33O61,2260406,17
20171231.0,VILLAGE BANK & TRUST,549300P7J9S1WSW4VU68,2298995.0,WINTRUST FINANCIAL CORPORATION,Q774KI4AW80FHFW33O61,2260406,17
20171231.0,LIBERTYVILLE BANK & TRUST COMPANY,01ERPZV3DOLNXY2MLB90,2339795.0,WINTRUST FINANCIAL CORPORATION,Q774KI4AW80FHFW33O61,2260406,17
20171231.0,"BARRINGTON BANK & TRUST COMPANY, NATIONAL ASSOCIATION",C398JSK21YCXWM603F55,2508751.0,WINTRUST FINANCIAL CORPORATION,Q774KI4AW80FHFW33O61,2260406,17
20171231.0,"CRYSTAL LAKE BANK & TRUST COMPANY, NATIONAL ASSOCIATION",3HICJPQ15PGZSBFDNJ82,2624400.0,WINTRUST FINANCIAL CORPORATION,Q774KI4AW80FHFW33O61,2260406,17
20171231.0,TOWN BANK,54930037K28BC4GVBU20,2693264.0,WINTRUST FINANCIAL CORPORATION,Q774KI4AW80FHFW33O61,2260406,17
20171231.0,"CHICAGO TRUST COMPANY, N. A., THE",0,2719810.0,WINTRUST FINANCIAL CORPORATION,Q774KI4AW80FHFW33O61,2260406,17
20171231.0,NORTHBROOK BANK & TRUST COMPANY,CLHA5EVJO4FMZ2WOBV70,2938198.0,WINTRUST FINANCIAL CORPORATION,Q774KI4AW80FHFW33O61,2260406,17
20171231.0,"SCHAUMBURG BANK & TRUST COMPANY, NATIONAL ASSOCIATION",2I8LP0RLR14D1X6W0P51,2970657.0,WINTRUST FINANCIAL CORPORATION,Q774KI4AW80FHFW33O61,2260406,17
20171231.0,"BEVERLY BANK & TRUST COMPANY, NATIONAL ASSOCIATION",549300FOO7XNZ1564N12,3216017.0,WINTRUST FINANCIAL CORPORATION,Q774KI4AW80FHFW33O61,2260406,17
20171231.0,"OLD PLANK TRAIL COMMUNITY BANK, NATIONAL ASSOCIATION",54930010ZG6EHTCJ1L21,3404207.0,WINTRUST FINANCIAL CORPORATION,Q774KI4AW80FHFW33O61,2260406,17
20171231.0,FIFC EDGE INTERNATIONAL CORP.,0,4422730.0,WINTRUST FINANCIAL CORPORATION,Q774KI4AW80FHFW33O61,2260406,17
20171231.0,PACIFIC PREMIER BANK,549300NTH6N72ZZNX948,431172.0,"PACIFIC PREMIER BANCORP, INC.",549300Q1KIC3KLI0XG98,3489594,1
20171231.0,METABANK,0,435077.0,"META FINANCIAL GROUP, INC.",5493004X52BH1NBLW813,2390013,1
20171231.0,FIRSTBANK,0,436159.0,FB FINANCIAL CORPORATION,0,1132104,1
20171231.0,"WILMINGTON SAVINGS FUND SOCIETY, FSB",5493005DKMV1IHIM8E20,437914.0,WSFS FINANCIAL CORPORATION,549300SU7VQHD6QRG886,3844269,1
20171231.0,UNITED COMMUNITY BANK,5493000XYE7QL54NMB52,439338.0,"UNITED COMMUNITY BANCORP, INC.",0,1097182,3
20171231.0,MERCANTILE BANK,0,481542.0,"UNITED COMMUNITY BANCORP, INC.",0,1097182,3
20171231.0,LIBERTY BANK,549300YTKJLVI1PCMX96,2146023.0,"UNITED COMMUNITY BANCORP, INC.",0,1097182,3
20171231.0,FIRST NATIONAL BANK,0,439404.0,"FIRST BANCORP, INC., THE",0,1133932,1
20171231.0,FIRST DAKOTA NATIONAL BANK,549300T1ONVEMLQ4B629,441256.0,FIRST DAKOTA FINANCIAL CORPORATION,0,1404687,1
20171231.0,FIRST IPSWICH BANK,549300CB2K9NG8MMWO68,442806.0,"BROOKLINE BANCORP, INC.",0,2631510,3
20171231.0,BROOKLINE BANK,549300TR6MWKSIOP3B72,782306.0,"BROOKLINE BANCORP, INC.",0,2631510,3
20171231.0,BANK RHODE ISLAND,562V2SM4I80MJO5HYB83,2434113.0,"BROOKLINE BANCORP, INC.",0,2631510,3
20171231.0,FIRST TEXAS BANK,0,444350.0,"FIRST TEXAS BANCORP, INC.",0,1100813,3
20171231.0,FIRST TEXAS BANK,0,688257.0,"FIRST TEXAS BANCORP, INC.",0,1100813,3
20171231.0,FIRST TEXAS BANK,0,875758.0,"FIRST TEXAS BANCORP, INC.",0,1100813,3
20171231.0,CORNERSTONE BANK,5493005DJAOTPGS83Z81,447100.0,SSB COMMUNITY BANCORP MHC,0,3547010,1
20171231.0,UNION BANK AND TRUST COMPANY,R6KJ2D7C3UT8OVTWHS39,450856.0,"FARMERS & MERCHANTS INVESTMENT, INC.",0,1053580,1
20171231.0,"BANKFINANCIAL, NATIONAL ASSOCIATION",54930061HIZ1MCMEOR72,454676.0,BANKFINANCIAL CORPORATION,0,3035928,1
20171231.0,PEOPLES BANK,0,455972.0,PEOPLES BANCORP,0,1030947,1
20171231.0,CENTENNIAL BANK,549300BEFX6JRSCS5N78,456045.0,"HOME BANCSHARES, INC.",0,1491409,1
20171231.0,MANASQUAN BANK,0,459671.0,MB MUTUAL HOLDING COMPANY,0,2589714,1
20171231.0,COMMUNITY BANK OF MISSISSIPPI,0,460033.0,"COMMUNITY BANCSHARES OF MISSISSIPPI, INC.",54930036RUVQH1EB9J90,1080595,4
20171231.0,"COMMUNITY BANK, ELLISVILLE, MISSISSIPPI",0,517834.0,"COMMUNITY BANCSHARES OF MISSISSIPPI, INC.",54930036RUVQH1EB9J90,1080595,4
20171231.0,"COMMUNITY BANK, NORTH MISSISSIPPI",0,653349.0,"COMMUNITY BANCSHARES OF MISSISSIPPI, INC.",54930036RUVQH1EB9J90,1080595,4
20171231.0,"COMMUNITY BANK, COAST",0,2376464.0,"COMMUNITY BANCSHARES OF MISSISSIPPI, INC.",54930036RUVQH1EB9J90,1080595,4
20171231.0,WISCONSIN BANK AND TRUST,5493007RSKYSDHRL7N78,463342.0,"HEARTLAND FINANCIAL USA, INC.",549300QF7B0DFZT32C73,1206546,10
20171231.0,DUBUQUE BANK AND TRUST COMPANY,O4XVIZ10YPQYFKUKCF76,642549.0,"HEARTLAND FINANCIAL USA, INC.",549300QF7B0DFZT32C73,1206546,10
20171231.0,ROCKY MOUNTAIN BANK,549300R9B3X06XL9UX62,663058.0,"HEARTLAND FINANCIAL USA, INC.",549300QF7B0DFZT32C73,1206546,10
20171231.0,"MORRILL AND JANES BANK AND TRUST COMPANY, THE",5493001BNJ1T5ZW02635,680354.0,"HEARTLAND FINANCIAL USA, INC.",549300QF7B0DFZT32C73,1206546,10
20171231.0,ILLINOIS BANK & TRUST,54930027CDXLJ58XBO36,2339900.0,"HEARTLAND FINANCIAL USA, INC.",549300QF7B0DFZT32C73,1206546,10
20171231.0,NEW MEXICO BANK & TRUST,549300TFPNF5ZPLD8I74,2649122.0,"HEARTLAND FINANCIAL USA, INC.",549300QF7B0DFZT32C73,1206546,10
20171231.0,PREMIER VALLEY BANK,549300QX1R00EP1GE389,3028902.0,"HEARTLAND FINANCIAL USA, INC.",549300QF7B0DFZT32C73,1206546,10
20171231.0,ARIZONA BANK & TRUST,549300AF1DMBPMDRP146,3187612.0,"HEARTLAND FINANCIAL USA, INC.",549300QF7B0DFZT32C73,1206546,10
20171231.0,CITYWIDE BANKS,549300K2M70MU2D2F940,3465226.0,"HEARTLAND FINANCIAL USA, INC.",549300QF7B0DFZT32C73,1206546,10
20171231.0,MINNESOTA BANK & TRUST,549300H8LK0AWIAODP34,3686928.0,"HEARTLAND FINANCIAL USA, INC.",549300QF7B0DFZT32C73,1206546,10
20171231.0,WHITNEY BANK,NSGZD26XPW2CUM2JKU70,463735.0,HANCOCK HOLDING COMPANY,549300GRNBWY8HIICT41,1086533,1
20171231.0,HAPPY STATE BANK,549300K83T0RO62KWB61,466857.0,"HAPPY BANCSHARES, INC.",549300LE2AZ02B27WW17,1843062,1
20171231.0,NORTHEAST BANK,549300F0LV9TSW34E306,468806.0,NORTHEAST BANCORP,549300LSZ443GPP9KV95,2324111,1
20171231.0,"FIRST FINANCIAL BANK, NATIONAL ASSOCIATION",549300IVURCTJ6QVMD67,470050.0,"FIRST FINANCIAL BANKSHARES, INC.",549300XN3GTGOENGNV49,1102312,2
20171231.0,"FIRST FINANCIAL TRUST & ASSET MANAGEMENT COMPANY, NATIONAL ASSOCIATION",549300N2NK53OS5UNA66,3213735.0,"FIRST FINANCIAL BANKSHARES, INC.",549300XN3GTGOENGNV49,1102312,2
20171231.0,ARMSTRONG BANK,0,470452.0,"IRONHORSE FINANCIAL GROUP, INC.",549300Y1D2DJBUBD4N20,3488485,2
20171231.0,REPUBLIC BANK & TRUST,0,1198605.0,"IRONHORSE FINANCIAL GROUP, INC.",549300Y1D2DJBUBD4N20,3488485,2
20171231.0,"SOUTH CENTRAL BANK, INC.",549300LPT41QBMAC7948,473042.0,"SOUTH CENTRAL BANCSHARES OF KENTUCKY, INC.",549300VC2OWYW2K68458,2810285,1
20171231.0,TEXAS FIRST BANK,0,473266.0,"TEXAS INDEPENDENT BANCSHARES, INC.",0,1103878,1
20171231.0,BERKSHIRE BANK,549300LR1ZETOWYE9Z89,473501.0,"BERKSHIRE HILLS BANCORP, INC",549300AS2OC6UMMBNO37,2333663,1
20171231.0,BROADWAY NATIONAL BANK,0,474254.0,"BROADWAY BANCSHARES, INC.",0,1106879,1
20171231.0,"SUNFLOWER BANK, NATIONAL ASSOCIATION",2549008TT6UNYR7AXF54,474759.0,FIRSTSUN CAPITAL BANCORP,0,1066713,1
20171231.0,GATEWAY STATE BANK,0,475046.0,"OHNWARD BANCSHARES, INC.",0,1200311,4
20171231.0,FIRST CENTRAL STATE BANK,5493005L8AW1CTD9HZ03,639549.0,"OHNWARD BANCSHARES, INC.",0,1200311,4
20171231.0,MAQUOKETA STATE BANK,0,683449.0,"OHNWARD BANCSHARES, INC.",0,1200311,4
20171231.0,OHNWARD BANK & TRUST,549300XMCDBXHD84QD46,761543.0,"OHNWARD BANCSHARES, INC.",0,1200311,4
20171231.0,MOUNTAIN VALLEY BANK,0,475653.0,"PLATTE VALLEY FINANCIAL SERVICE COMPANIES, INC.",0,2511014,3
20171231.0,PLATTE VALLEY BANK,549300ZFJ1696ECS0S38,580155.0,"PLATTE VALLEY FINANCIAL SERVICE COMPANIES, INC.",0,2511014,3
20171231.0,PLATTE VALLEY BANK,0,2465881.0,"PLATTE VALLEY FINANCIAL SERVICE COMPANIES, INC.",0,2511014,3
20171231.0,BANK OF STOCKTON,254900SRWC0U4V5XQ024,479268.0,1867 WESTERN FINANCIAL CORPORATION,0,1399765,1
20171231.0,"BANK OF AMERICA, NATIONAL ASSOCIATION",B4TYDEB6GKMZO031MB27,480228.0,BANK OF AMERICA CORPORATION,9DJT3UXIJIZJI4WXO774,1073757,5
20171231.0,BOSTON OVERSEAS FINANCIAL CORPORATION,0,591900.0,BANK OF AMERICA CORPORATION,9DJT3UXIJIZJI4WXO774,1073757,5
20171231.0,BANKAMERICA INTERNATIONAL FINANCIAL CORPORATION,0,783871.0,BANK OF AMERICA CORPORATION,9DJT3UXIJIZJI4WXO774,1073757,5
20171231.0,"BANK OF AMERICA CALIFORNIA, NATIONAL ASSOCIATION",0,1443266.0,BANK OF AMERICA CORPORATION,9DJT3UXIJIZJI4WXO774,1073757,5
20171231.0,"RECONTRUST COMPANY, NATIONAL ASSOCIATION",0,3313943.0,BANK OF AMERICA CORPORATION,9DJT3UXIJIZJI4WXO774,1073757,5
20171231.0,SAVINGS INSTITUTE BANK AND TRUST COMPANY,549300C603G2130GT314,480808.0,SI FINANCIAL GROUP INC,5493003RM4DO6OTMJD05,3306815,1
20171231.0,LANDMARK NATIONAL BANK,8AI385EP1ZJCMUOZ8022,481177.0,"LANDMARK BANCORP, INC.",0,3030307,1
20171231.0,FIRST TENNESSEE BANK NATIONAL ASSOCIATION,COOWI3L2W9TPYR3WJX37,485559.0,FIRST HORIZON NATIONAL CORPORATION,TF3RXI1ZB1TQ30H9JV10,1094640,1
20171231.0,"PARK NATIONAL BANK, THE",0,489623.0,PARK NATIONAL CORPORATION,0,1142336,1
20171231.0,FIRST-CITIZENS BANK & TRUST COMPANY,L9VVX1KT5TFTKS0MLF66,491224.0,"FIRST CITIZENS BANCSHARES, INC.",549300N3Z00ZHE2XC526,1075612,1
20171231.0,COLONY BANK,0,491934.0,"COLONY BANKCORP, INC.",0,1085170,1
20171231.0,PACIFIC WESTERN BANK,549300A7DTSCJLJ33451,494261.0,PACWEST BANCORP,549300YI8VMFO7G36V04,2875332,1
20171231.0,"TD BANK, N.A.",03D0JEWFDFUS0SEEKG89,497404.0,TD GROUP US HOLDINGS LLC,549300ARWZ5E3L64UH29,3606542,2
20171231.0,"TD BANK USA, NATIONAL ASSOCIATION",549300NTRZIIC80JKC12,2121196.0,TD GROUP US HOLDINGS LLC,549300ARWZ5E3L64UH29,3606542,2
20171231.0,LUTHER BURBANK SAVINGS,5493000ZB0IHPJ66BJ32,497570.0,LUTHER BURBANK CORPORATION,5493007YRUZ4ZDZM0J48,3814208,1
20171231.0,MANUFACTURERS AND TRADERS TRUST COMPANY,WWB2V0FCW3A0EE3ZJN75,501105.0,M&T BANK CORPORATION,0,1037003,2
20171231.0,"WILMINGTON TRUST, NATIONAL ASSOCIATION",0,2265456.0,M&T BANK CORPORATION,0,1037003,2
20171231.0,LUZERNE BANK,0,501815.0,"PENNS WOODS BANCORP, INC.",0,1117688,2
20171231.0,JERSEY SHORE STATE BANK,0,732918.0,"PENNS WOODS BANCORP, INC.",0,1117688,2
20171231.0,BANTERRA BANK,0,502849.0,BANTERRA CORP,549300QNH1CG2ZGLWQ76,3202832,1
20171231.0,U.S. BANK NATIONAL ASSOCIATION,6BYL5QZYBDK8S7L73M02,504713.0,U.S. BANCORP,N1GZ7BBF3NP8GI976H15,1119794,6
20171231.0,"U.S. BANK TRUST COMPANY, NATIONAL ASSOCIATION",0,2567123.0,U.S. BANCORP,N1GZ7BBF3NP8GI976H15,1119794,6
20171231.0,U.S. BANK TRUST NATIONAL ASSOCIATION SD,0,2667920.0,U.S. BANCORP,N1GZ7BBF3NP8GI976H15,1119794,6
20171231.0,U.S. BANK TRUST NATIONAL ASSOCIATION,0,2916963.0,U.S. BANCORP,N1GZ7BBF3NP8GI976H15,1119794,6
20171231.0,USB EUROPEAN HOLDINGS COMPANY,0,3050369.0,U.S. BANCORP,N1GZ7BBF3NP8GI976H15,1119794,6
20171231.0,USB AMERICAS HOLDINGS COMPANY,0,3277148.0,U.S. BANCORP,N1GZ7BBF3NP8GI976H15,1119794,6
20171231.0,SANDY SPRING BANK,549300NQA30MEKPQP417,506922.0,"SANDY SPRING BANCORP, INC.",0,1248304,1
20171231.0,NEWTOWN SAVINGS BANK,549300YFPH1E78XPP635,507509.0,NSB MUTUAL HOLDING COMPANY,0,5045444,1
20171231.0,HAWTHORN BANK,54930023DLYUOD6GKQ42,508346.0,"HAWTHORN BANCSHARES, INC",0,2038409,1
20171231.0,"COMMUNITY TRUST BANK, INC.",0,509811.0,"COMMUNITY TRUST BANCORP, INC.",0,1070644,1
20171231.0,FIRST UNITED BANK AND TRUST COMPANY,0,509950.0,"DURANT BANCORP, INC.",0,1058398,1
20171231.0,FIRSTBANK PUERTO RICO,0,510871.0,FIRST BANCORP,0,2744894,1
20171231.0,MONTECITO BANK & TRUST,549300A7BPOO2YO2YE30,514066.0,MONTECITO BANCORP,0,1138919,1
20171231.0,BAR HARBOR BANK AND TRUST COMPANY,0,522605.0,BAR HARBOR BANKSHARES,0,1115385,1
20171231.0,PBI BANK,0,522847.0,"PORTER BANCORP, INC.",0,1249712,1
20171231.0,1ST SUMMIT BANK,0,526519.0,"1ST SUMMIT BANCORP OF JOHNSTOWN, INC.",0,1830240,1
20171231.0,FIRST NATIONAL BANK OF OMAHA,LDVFX8JEECFFE8HRWA73,527954.0,"FIRST NATIONAL OF NEBRASKA, INC.",0,1020902,1
20171231.0,TEXAS COMMUNITY BANK,0,528960.0,"VISION BANCSHARES, INC.",0,3211012,1
20171231.0,"TIB THE INDEPENDENT BANKERSBANK, NATIONAL ASSOCIATION",549300KW705BBINDIZ26,529958.0,INDEPENDENT BANKERS FINANCIAL CORPORATION,0,1109094,1
20171231.0,"ACADEMY BANK, N.A.",549300LP0CV2MNC1GV68,535753.0,DICKINSON FINANCIAL CORPORATION II,0,2107707,2
20171231.0,"ARMED FORCES BANK, NATIONAL ASSOCIATION",5493007CLWQN2S6IZK91,983457.0,DICKINSON FINANCIAL CORPORATION II,0,2107707,2
20171231.0,FIRST BUSINESS BANK,549300F247N2IU8SC024,537449.0,"FIRST BUSINESS FINANCIAL SERVICES, INC.",0,1247428,1
20171231.0,"EXTRACO BANKS, NATIONAL ASSOCIATION",549300F7S6KEMTKK0546,537560.0,EXTRACO CORPORATION,0,1104923,1
20171231.0,BANK INDEPENDENT,0,539032.0,"BANCINDEPENDENT, INCORPORATED",0,1082209,1
20171231.0,SOUTH STATE BANK,549300K7EA6G6K9GYL80,540926.0,SOUTH STATE CORPORATION,0,1133437,1
20171231.0,CIVISTA BANK,0,542528.0,"CIVISTA BANCSHARES, INC",0,1246533,1
20171231.0,CHEMICAL BANK,5493004P4H8ZQPCUJ047,542649.0,CHEMICAL FINANCIAL CORPORATION,0,1201934,1
20171231.0,D.L. EVANS BANK,254900XRQ4U9ABU6F580,543262.0,D.L. EVANS BANCORP,549300OSSFHX7ABQ2Y81,2242523,1
20171231.0,BANKNEWPORT,0,546003.0,"OCEANPOINT FINANCIAL PARTNERS, MHC",0,3297481,1
20171231.0,STAR FINANCIAL BANK,LBIZXW7X2N50PETIH863,547840.0,"STAR FINANCIAL GROUP, INC.",0,1141647,1
20171231.0,"AUSTIN BANK, TEXAS NATIONAL ASSOCIATION",5493008R64K2UUN2NP30,548351.0,"AUSTIN BANCORP, INC.",0,1108350,1
20171231.0,CHARTERBANK,549300J42PFPFWJKG874,551070.0,CHARTER FINANCIAL CORPORATION,0,4459839,1
20171231.0,CLIFTON SAVINGS BANK,0,554473.0,CLIFTON BANCORP INC.,549300NGGUTPJRJMLR63,3264764,1
20171231.0,"PEOPLES BANK, A CODORUS VALLEY COMPANY",0,556815.0,"CODORUS VALLEY BANCORP, INC.",0,1142475,1
20171231.0,"INTRUST BANK, NATIONAL ASSOCIATION",549300IXP5DNWSGY6F96,557858.0,INTRUST FINANCIAL CORPORATION,549300UT14PGK0YPUU83,1064278,1
20171231.0,FALCON INTERNATIONAL BANK,549300ZW58TM1KU8CK35,564557.0,FALCON BANCSHARES INCORPORATED,0,2270254,1
20171231.0,TERRITORIAL SAVINGS BANK,549300UQKYO1TM87WD57,564977.0,TERRITORIAL BANCORP INC.,5493003VDUGN5KBPTN24,3954681,1
20171231.0,PEOPLES BANK SB,549300Y7HCU10KIRLG30,568470.0,NORTHWEST INDIANA BANCORP,0,2237118,1
20171231.0,GREAT SOUTHERN BANK,1TMVIO1SD0RLIPEIW803,572374.0,"GREAT SOUTHERN BANCORP, INC.",0,2339133,1
20171231.0,CITY BANK,549300VHBALPLHRR4080,575254.0,"SOUTH PLAINS FINANCIAL, INC.",0,2033226,1
20171231.0,PEOPLES BANK,0,577128.0,PEOPLES BANCORP INC.,I70W3N0Z6KOX8FYIH023,1070578,1
20171231.0,FIRST UNITED BANK,0,578255.0,"PLAINS BANCORP, INC.",0,1108163,1
20171231.0,KITSAP BANK,549300HGZNH5YBU04369,584377.0,"OLYMPIC BANCORP, INC.",0,2603991,1
20171231.0,"FIDELITY BANK, THE",25490012KFFZI81TDT02,584920.0,"FIDELITY BANCSHARES (N.C.), INC.",0,1249002,1
20171231.0,LINCOLN SAVINGS BANK,549300XY02VS45I5ZZ90,589943.0,LINCOLN BANCORP,0,1210169,1
20171231.0,CAMDEN NATIONAL BANK,0,593007.0,CAMDEN NATIONAL CORPORATION,549300ZVEDL2L8UW4F28,1130249,1
20171231.0,"CB&S BANK, INC.",0,594433.0,CBS BANC-CORP.,0,1493654,1
20171231.0,BANK FIRST NATIONAL,549300BRLQAIJ1LJA253,594947.0,BANK FIRST NATIONAL CORPORATION,0,1208009,1
20171231.0,MIDFIRST BANK,0,595270.0,MIDLAND FINANCIAL CO.,0,2568278,1
20171231.0,CATHAY BANK,FT6J43S06X6CLJ0R0B48,595869.0,CATHAY GENERAL BANCORP,549300K1SLJ8C97H5L68,1843080,1
20171231.0,FIDELITY BANK,549300VEKCSSF6IT9X67,598534.0,FIDELITY SOUTHERN CORPORATION,0,1081118,1
20171231.0,"AMERICAN NATIONAL BANK OF TEXAS, THE",549300QFJDBOCX7WKY08,599764.0,"ANB CORPORATION, THE",0,2326629,1
20171231.0,COMMERCE BANK,7DMUJTL9FFTVIAG9H788,601050.0,"COMMERCE BANCSHARES, INC.",0,1049341,1
20171231.0,FIVE STAR BANK,0,601416.0,"FINANCIAL INSTITUTIONS, INC.",0,1032464,1
20171231.0,PNC BANK INTERNATIONAL,549300J2IZZ7VJEU7050,604725.0,"PNC FINANCIAL SERVICES GROUP, INC., THE",CFGNEKW0P8842LEUIA51,1069778,2
20171231.0,"PNC BANK, NATIONAL ASSOCIATION",AD6GFRVSDT01YPT1CS68,817824.0,"PNC FINANCIAL SERVICES GROUP, INC., THE",CFGNEKW0P8842LEUIA51,1069778,2
20171231.0,ROCKLAND TRUST COMPANY,TKT6FH38184ZYBTPKS77,613008.0,INDEPENDENT BANK CORP.,0,1136803,1
20171231.0,"PEOPLE'S UNITED BANK, NATIONAL ASSOCIATION",0,613307.0,"PEOPLE'S UNITED FINANCIAL, INC.",ROPY7PEPIPIDJNF0BO69,3650152,1
20171231.0,PEOPLESBANK,549300IYKILIU506KA05,613400.0,"PEOPLESBANCORP, MHC",0,3186585,1
20171231.0,SALEM FIVE CENTS SAVINGS BANK,5493006NTCY0P06JR884,618807.0,SALEM FIVE BANCORP,0,3365858,1
20171231.0,AVIDIA BANK,549300SZBQMYMAL3OM08,619701.0,ASSABET VALLEY BANCORP,0,2465528,1
20171231.0,USAA FEDERAL SAVINGS BANK,C5654JQHZUHN0772B561,619877.0,UNITED SERVICES AUTOMOBILE ASSOCIATION,549300NZVJG538SSYL92,1447376,2
20171231.0,USAA SAVINGS BANK,0,2502656.0,UNITED SERVICES AUTOMOBILE ASSOCIATION,549300NZVJG538SSYL92,1447376,2
20171231.0,MAINSOURCE BANK,0,623445.0,"MAINSOURCE FINANCIAL GROUP, INC.",0,1209109,1
20171231.0,COUNTRY CLUB BANK,549300TH6U4UJ37WSG98,625654.0,CCB FINANCIAL CORPORATION,0,1053496,2
20171231.0,"COUNTRY CLUB TRUST COMPANY, NATIONAL ASSOCIATION",0,3058114.0,CCB FINANCIAL CORPORATION,0,1053496,2
20171231.0,"CONWAY NATIONAL BANK, THE",2549008EFPQHWHJ5MO60,631422.0,CNB CORPORATION,0,1134108,1
20171231.0,"PROVIDENT SAVINGS BANK, F.S.B.",549300VRYDYOPWK5MO08,631570.0,"PROVIDENT FINANCIAL HOLDINGS, INC.",0,3632493,1
20171231.0,KEARNY BANK,549300N6U5XCH70TOK35,633378.0,KEARNY FINANCIAL CORPORATION,0,3099443,1
20171231.0,UNITED BANK,549300RA8FPV4K1HE018,633501.0,"UNITED FINANCIAL BANCORP, INC.",0,2509413,1
20171231.0,BANCO SANTANDER INTERNATIONAL,549300WBCQHX42LBGI20,634638.0,"SANTANDER HOLDINGS USA, INC.",0,3981856,4
20171231.0,"SANTANDER BANK, NATIONAL ASSOCIATION",TR24TWEY5RVRQV65HD49,722777.0,"SANTANDER HOLDINGS USA, INC.",0,3981856,4
20171231.0,BANCO SANTANDER PUERTO RICO,549300QO3CMBIN236004,816210.0,"SANTANDER HOLDINGS USA, INC.",0,3981856,4
20171231.0,"CAPITAL STREET HOLDINGS, LLC",0,4388797.0,"SANTANDER HOLDINGS USA, INC.",0,3981856,4
20171231.0,INDEPENDENT BANK,20TVKH7M13MUBGE80C53,636771.0,INDEPENDENT BANK CORPORATION,0,1201925,1
20171231.0,PLAINSCAPITAL BANK,549300OBLIP1F3NM5751,637451.0,"HILLTOP HOLDINGS, INC",54930010TA543US0PM65,3838727,1
20171231.0,SECURITY BANK,549300RWLPVV2DW05W11,641355.0,"SECURITY STAR BANCSHARES, INC.",0,1250286,1
20171231.0,"WESBANCO BANK, INC.",QGPGHQ1ENZOOLJRFTH41,645625.0,"WESBANCO, INC.",0,1070448,1
20171231.0,INDEPENDENCE BANK OF KENTUCKY,0,648242.0,"INDEPENDENCE BANCSHARES, INC.",0,1118854,1
20171231.0,STOCKMAN BANK OF MONTANA,549300FVJ3IB88LTR841,651859.0,STOCKMAN FINANCIAL CORPORATION,0,1126046,1
20171231.0,FIRST AMERICAN BANK,254900M4B0023V82HA40,653648.0,"STARK BANK GROUP, LTD.",254900OBQ13SDBYUNS44,1207431,1
20171231.0,"WASHINGTON FEDERAL, NATIONAL ASSOCIATION",D38AC76TAMYI50NBPX33,656377.0,"WASHINGTON FEDERAL, INC.",0,3065617,1
20171231.0,"MB FINANCIAL BANK, NATIONAL ASSOCIATION",YJMYTIGWK1HM7EQ06C15,656733.0,"MB FINANCIAL, INC.",0,1090987,2
20171231.0,"MB FINANCIAL INTERNATIONAL, INC.",0,5087949.0,"MB FINANCIAL, INC.",0,1090987,2
20171231.0,HANMI BANK,549300UIU6ZMTZ7XEW62,657365.0,HANMI FINANCIAL CORPORATION,549300MSZ7RCG7EA6587,2900261,1
20171231.0,FIRST INTERSTATE BANK,549300RFSMIRUODUVW59,659855.0,"FIRST INTERSTATE BANCSYSTEM, INC.",0,1123670,1
20171231.0,AMERICAN NATIONAL BANK,VEQ70DCTAI4TBBHPYI39,660655.0,AMERICAN NATIONAL CORPORATION,0,1059715,1
20171231.0,BANK OF THE SIERRA,0,662369.0,SIERRA BANCORP,0,2976396,1
20171231.0,OCEAN BANK,549300D4L76B477GHY32,663834.0,"OCEAN BANKSHARES, INC.",0,1136661,1
20171231.0,CAPE COD FIVE CENTS SAVINGS BANK,0,664206.0,CAPE COD FIVE MUTUAL COMPANY,0,4369808,1
20171231.0,PROSPERITY BANK,549300D003QRZFSQ4N43,664756.0,"PROSPERITY BANCSHARES, INC.",0,1109599,1
20171231.0,GUARANTY BANK AND TRUST COMPANY,5493004XDYR0YX20D907,666657.0,GUARANTY BANCORP,5493009U8SK04U8KEC62,3254952,1
20171231.0,ORIGIN BANK,D8RBTOL3JO2Q6IEO0F34,667757.0,"ORIGIN BANCORP, INC.",54930055DO2Z4KO3NB45,1885307,1
20171231.0,REPUBLIC BANK OF CHICAGO,5493002Q5MB21VG7B390,671334.0,REPUBLIC BANCORP CO.,0,1201194,1
20171231.0,BANK OF HOPE,549300F570XAWYN8Z237,671464.0,"HOPE BANCORP, INC.",0,2961879,1
20171231.0,FIRST SECURITY BANK,0,673440.0,FIRST SECURITY BANCORP,0,1096505,1
20171231.0,SUNTRUST BANK,IYDOJBGJWY9T8XKCSX06,675332.0,"SUNTRUST BANKS, INC.",0,1131787,1
20171231.0,TRUSTCO BANK,549300GCEP3NM7A1X491,677176.0,TRUSTCO BANK CORP NY,0,1048513,1
20171231.0,UNITED COMMUNITY BANK OF NORTH DAKOTA,0,680055.0,"AMERICAN BANCOR, LTD.",0,1133781,2
20171231.0,AMERICAN BANK CENTER,549300UONVHJ0G6DSL23,971959.0,"AMERICAN BANCOR, LTD.",0,1133781,2
20171231.0,"FARMERS NATIONAL BANK OF CANFIELD, THE",549300YNUT7D0FWKU636,680813.0,FARMERS NATIONAL BANC CORP.,0,1071191,1
20171231.0,FROST BANK,G5AHTAP80NWA3Q8RDC78,682563.0,"CULLEN/FROST BANKERS, INC.",0,1102367,1
20171231.0,LAKELAND BANK,549300ZJ3ZL66QGSGO48,687009.0,"LAKELAND BANCORP, INC.",549300NF90LR9ETZDR73,1404799,1
20171231.0,FIRST WESTERN BANK AND TRUST,5493005A0757T9GRRI44,687951.0,"WESTBRAND, INC.",0,1127650,1
20171231.0,UNION BANK & TRUST,549300ZTT08EKQRVTR15,693224.0,UNION BANKSHARES CORPORATION,0,1971693,1
20171231.0,"FIRST FINANCIAL BANK, NATIONAL ASSOCIATION",549300E0S1LZYZ9QNX81,693345.0,FIRST FINANCIAL CORPORATION,0,1208595,2
20171231.0,"MORRIS PLAN COMPANY OF TERRE HAUTE, THE",0,1826382.0,FIRST FINANCIAL CORPORATION,0,1208595,2
20171231.0,NEW YORK COMMUNITY BANK,0,694904.0,"NEW YORK COMMUNITY BANCORP, INC.",0,2132932,2
20171231.0,NEW YORK COMMERCIAL BANK,0,1438589.0,"NEW YORK COMMUNITY BANCORP, INC.",0,2132932,2
20171231.0,COMPASS BANK,C90VT034M03BN29IRA40,697633.0,"BBVA COMPASS BANCSHARES, INC.",549300PVR24K1H0JRI53,1078529,1
20171231.0,WESTAMERICA BANK,0,697763.0,WESTAMERICA BANCORPORATION,0,1025541,1
20171231.0,COMMUNITY BANK OF THE CHESAPEAKE,549300G9EOR2GPHM0550,697978.0,"COMMUNITY FINANCIAL CORPORATION, THE",0,2523389,1
20171231.0,SOUTHWEST GEORGIA BANK,549300MMHYQYKZ8BBN39,699534.0,SOUTHWEST GEORGIA FINANCIAL CORPORATION,0,1081538,1
20171231.0,CENTRAL PACIFIC BANK,0,701062.0,CENTRAL PACIFIC FINANCIAL CORP.,549300W3YEAOZ4KGG849,1022764,1
20171231.0,"BRAND BANKING COMPANY, THE",5M0S7SPHSMEIN7Z5SI25,701736.0,"BRAND GROUP HOLDINGS, INC.",549300JLP03DPK8XJS68,3244113,1
20171231.0,"NBT BANK, NATIONAL ASSOCIATION",0,702117.0,NBT BANCORP INC.,0,1139279,1
20171231.0,CENTRAL VALLEY COMMUNITY BANK,549300U4NMMQ8OEM3D10,703767.0,CENTRAL VALLEY COMMUNITY BANCORP,0,2935405,1
20171231.0,FIRST STATE COMMUNITY BANK,0,707354.0,"FIRST STATE BANCSHARES, INC.",0,1099917,1
20171231.0,UNIBANK FOR SAVINGS,549300SIZ5KBISEZE503,709602.0,UFS BANCORP,549300L8I869GRZ3EJ44,2465519,1
20171231.0,BANK OF GUAM,0,711472.0,BANKGUAM HOLDING COMPANY,0,4272869,1
20171231.0,MARQUETTE BANK,549300QX0QWWJKEY4R28,716833.0,MARQUETTE NATIONAL CORPORATION,0,1207486,1
20171231.0,SOUTHERN BANK AND TRUST COMPANY,5493000XJFWT2H46HI07,717924.0,"SOUTHERN BANCSHARES (N.C.), INC.",0,1075694,1
20171231.0,NATIONAL EXCHANGE BANK AND TRUST,5493006P0JVBBAHVXV08,722544.0,NEB CORPORATION,0,1202052,1
20171231.0,FIFTH THIRD BANK,0,723112.0,FIFTH THIRD BANCORP,0,1070345,2
20171231.0,FIFTH THIRD INTERNATIONAL COMPANY,0,2235440.0,FIFTH THIRD BANCORP,0,1070345,2
20171231.0,UNITED BANK & CAPITAL TRUST COMPANY,0,728742.0,FARMERS CAPITAL BANK CORPORATION,0,1098732,1
20171231.0,HILLS BANK AND TRUST COMPANY,549300ZWA6HRT4N1Z222,731247.0,HILLS BANCORPORATION,0,1245291,1
20171231.0,FIRST NATIONAL BANKERS BANK,0,734538.0,"FIRST NATIONAL BANKERS BANKSHARES, INC.",0,1086131,1
20171231.0,CAMBRIDGE TRUST COMPANY,549300Q8HL7EWEE0HW14,736206.0,CAMBRIDGE BANCORP,0,1115013,1
20171231.0,STATE BANK AND TRUST COMPANY,549300YKW22UMXNTTH37,736448.0,STATE CAPITAL CORPORATION,0,1097771,1
20171231.0,UNITED BANK OF IOWA,2549002OCMCJIOOONI88,738040.0,"IDA GROVE BANCSHARES, INC.",0,1205183,1
20171231.0,FREMONT BANK,5493006F1N8E3EEF3W63,739560.0,FREMONT BANCORPORATION,549300HJ9U2LJ44PTD84,1026801,1
20171231.0,"FARMERS AND MECHANICS BANK, THE",0,744238.0,"CENTRAL BANCSHARES, INC.",0,1203899,2
20171231.0,CBI BANK & TRUST,5493003X0GM1DHJIWC22,830542.0,"CENTRAL BANCSHARES, INC.",0,1203899,2
20171231.0,PEOPLES BANK & TRUST COMPANY OF MADISON COUNTY,0,746513.0,WHITAKER BANK CORPORATION OF KENTUCKY,0,1966671,2
20171231.0,"WHITAKER BANK, INC",0,1445943.0,WHITAKER BANK CORPORATION OF KENTUCKY,0,1966671,2
20171231.0,RENASANT BANK,5493002RF1ERFA2XR050,749242.0,RENASANT CORPORATION,549300OVE6OZHW2UUH81,1098844,1
20171231.0,AUBURNBANK,RO7SIV4IZNEGU4EXXS92,749635.0,"AUBURN NATIONAL BANCORPORATION, INC.",0,1129533,1
20171231.0,GLENVIEW STATE BANK,254900GPEJ25OTHRU605,750239.0,CUMMINS-AMERICAN CORP.,0,1201112,1
20171231.0,FRANDSEN BANK & TRUST,549300ZZZUYWXK72JD21,751656.0,FRANDSEN FINANCIAL CORPORATION,0,1128358,1
20171231.0,FIRST STATE BANK CENTRAL TEXAS,0,751759.0,CENTRAL COMMUNITY CORPORATION,0,1832048,1
20171231.0,VINTON COUNTY NATIONAL BANK,0,754826.0,"COMMUNITY BANCSHARES, INC.",0,1070765,1
20171231.0,"NATIONAL BANK OF BLACKSBURG, THE",0,754929.0,"NATIONAL BANKSHARES, INC.",549300Q745S62Q6QNW78,1139925,1
20171231.0,RIVERVIEW BANK,549300MHRZRWDY7LRR86,757612.0,RIVERVIEW FINANCIAL CORPORATION,549300ECGHC3HY8WWS09,2727495,1
20171231.0,CAMBRIDGE SAVINGS BANK,549300FHGNOLF14HHS09,758703.0,"CAMBRIDGE FINANCIAL GROUP, INC.",0,2687795,2
20171231.0,"CAMBRIDGE APPLETON TRUST, N.A.",0,2757951.0,"CAMBRIDGE FINANCIAL GROUP, INC.",0,2687795,2
20171231.0,"WEBSTER BANK, NATIONAL ASSOCIATION",WV0OVGBTLUP1XIUJE722,761806.0,WEBSTER FINANCIAL CORPORATION,KMRURHT0VWKYS6Z5KU67,1145476,1
20171231.0,"FIRST MID-ILLINOIS BANK & TRUST, NATIONAL ASSOCIATION",549300XOTES5TCS8T794,762447.0,"FIRST MID-ILLINOIS BANCSHARES, INC.",0,1206760,1
20171231.0,FIDELITY BANK,0,762474.0,FIDELITY FINANCIAL CORPORATION,0,3223967,1
20171231.0,AMERIS BANK,IUGPUX5LWRZ3B6KIZ697,764030.0,AMERIS BANCORP,PBJHNT51T5V6G5UQFV42,1082067,1
20171231.0,"BRYN MAWR TRUST COMPANY, THE",549300TTPNZTZH2PH447,765019.0,BRYN MAWR BANK CORPORATION,4NOIGQXI7NPP6IUQF087,1140994,1
20171231.0,"TBK BANK, SSB",5493000B61DDZ2PG1515,766164.0,"TRIUMPH BANCORP, INC.",5493003RNRMEVYDZ1Q52,3233126,1
20171231.0,LUBBOCK NATIONAL BANK,5493003WHB7TFLYQFS12,766258.0,"COMMERCE NATIONAL FINANCIAL SERVICES, INC.",0,1838974,1
20171231.0,FIRST FINANCIAL NORTHWEST BANK,5493003K18C4JU5UJ328,768074.0,"FIRST FINANCIAL NORTHWEST, INC.",549300F9IPXLCC3K7B36,3843628,1
20171231.0,FIRST AMERICAN BANK,5493005KZM1DEUYVS783,771458.0,"FIRST ARTESIA BANCSHARES, INC.",0,1108967,1
20171231.0,BAYCOAST BANK,549300OTLWFQPOOSC346,771609.0,NARRAGANSETT FINANCIAL CORP,0,2623430,1
20171231.0,SOUTH SHORE BANK,0,772008.0,SOUTH SHORE BANCORP MHC,0,3212943,1
20171231.0,MIDLAND STATES BANK,0,773247.0,"MIDLAND STATES BANCORP, INC.",5493006RHXW9TTBWYC94,1491351,1
20171231.0,"COMMUNITYBANK OF TEXAS, NATIONAL ASSOCIATION",549300Y5YUNNHUW2EQ06,774262.0,"CBTX, INC.",0,3594872,1
20171231.0,"MERCHANTS BANK, NATIONAL ASSOCIATION",549300OZIFHR7THILC90,779351.0,"MERCHANTS FINANCIAL GROUP, INC.",549300VNLF4XVDZXUQ37,1128769,1
20171231.0,INTERNATIONAL CITY BANK,54930080UEKKDB3ZV365,780562.0,"PEDCOR CAPITAL, LLC",0,3444847,1
20171231.0,ESSEX BANK,5493002ONSVZNJT6QU36,781028.0,COMMUNITY BANKERS TRUST CORPORATION,549300FKOFQ1R5SK6I07,3687046,1
20171231.0,FIRST NORTHERN BANK OF DIXON,5493005LNO5N4F760786,783161.0,FIRST NORTHERN COMMUNITY BANCORP,0,2880626,1
20171231.0,CENTIER BANK,549300SKTBTC2QFDKG02,783648.0,"FIRST BANCSHARES, INC.",549300EPPYR62TF65C76,1204560,1
20171231.0,LCNB NATIONAL BANK,549300Q55VW95EP3CM33,785923.0,LCNB CORP.,0,2759900,1
20171231.0,"TRADITIONAL BANK, INC.",0,786210.0,"TRADITIONAL BANCORPORATION, INC.",0,1070420,1
20171231.0,MID PENN BANK,0,786612.0,"MID PENN BANCORP, INC.",0,1944204,1
20171231.0,COMMUNITY STATE BANK,549300JVXDPLF4P32H95,790543.0,"QCR HOLDINGS, INC.",0,2125813,4
20171231.0,QUAD CITY BANK AND TRUST COMPANY,549300DWS85AHLUZHB50,2142155.0,"QCR HOLDINGS, INC.",0,2125813,4
20171231.0,CEDAR RAPIDS BANK AND TRUST COMPANY,PS6WLKTYGZOKK05G5O59,3029589.0,"QCR HOLDINGS, INC.",0,2125813,4
20171231.0,ROCKFORD BANK AND TRUST COMPANY,549300LH0RW78R3R3Z48,3303917.0,"QCR HOLDINGS, INC.",0,2125813,4
20171231.0,FIRST KEYSTONE COMMUNITY BANK,0,790918.0,FIRST KEYSTONE CORPORATION,0,1118265,1
20171231.0,BANK OF HAWAII,XJCRTTYJVBMA22IXL619,795968.0,BANK OF HAWAII CORPORATION,5493006Q8BQ8AD8M2U33,1025309,1
20171231.0,BOILING SPRINGS SAVINGS BANK,0,797775.0,"BOILING SPRINGS, MHC",0,2835514,1
20171231.0,"BREMER BANK, NATIONAL ASSOCIATION",54930082GM1TWV6QVI24,800657.0,BREMER FINANCIAL CORPORATION,549300TXP74T8NJZJW60,1020180,2
20171231.0,"BREMER TRUST, NATIONAL ASSOCIATION",0,1160853.0,BREMER FINANCIAL CORPORATION,549300TXP74T8NJZJW60,1020180,2
20171231.0,SILICON VALLEY BANK,0K2D5AK28E3O5CC06E35,802866.0,SVB FINANCIAL GROUP,549300D2KJ20JMXE7542,1031449,2
20171231.0,"SVB INTERNATIONAL FINANCE, INC.",0,4399588.0,SVB FINANCIAL GROUP,549300D2KJ20JMXE7542,1031449,2
20171231.0,FIRST BANK OF HIGHLAND PARK,5493005SBCJ71Z4XVY11,804338.0,BANK OF HIGHLAND PARK FINANCIAL CORP,0,1205398,1
20171231.0,BANK OF THE WEST,0,804963.0,"BNP PARIBAS USA, INC.",549300QVEGJN81E8T563,1575569,2
20171231.0,FIRST HAWAIIAN BANK,0,980661.0,"BNP PARIBAS USA, INC.",549300QVEGJN81E8T563,1575569,2
20171231.0,BANK MUTUAL,0,806378.0,BANK MUTUAL CORPORATION,0,2929374,1
20171231.0,FIRST BANK FINANCIAL CENTRE,254900DTLB5WWMBJAD86,806846.0,"OCONOMOWOC BANCSHARES, INC.",549300SH0NBQFD15MD48,2320618,1
20171231.0,"AMERICAN BANK, NATIONAL ASSOCIATION",549300BRSSSUNB0U6552,807955.0,AMERICAN BANK HOLDING CORPORATION,0,1109964,1
20171231.0,IBERIABANK,H98JYKDFKFZ5ZPCSMT69,808176.0,IBERIABANK CORPORATION,WQ4U3ADCR5WID15LA317,2291914,1
20171231.0,FARMERS & MERCHANTS BANK OF CENTRAL CALIFORNIA,OZ7MS5KHJY6WIPGXQW23,808260.0,FARMERS & MERCHANTS BANCORP,0,2781910,1
20171231.0,MUTUALBANK,549300V3ZIDKPJ5RPX64,810777.0,"MUTUALFIRST FINANCIAL, INC.",5493004W2SYBLE5X7W66,3175794,1
20171231.0,BENEFICIAL BANK,EBUZWPCV9RVYQNH5Q559,810919.0,"BENEFICIAL BANCORP, INC.",549300UVKO9II371BH47,3846629,1
20171231.0,BANKERS TRUST COMPANY,II61D6IY86YZ37HBBL25,811046.0,BTC FINANCIAL CORPORATION,0,1201671,1
20171231.0,ALPINE BANK & TRUST CO.,0,813947.0,"ALPINE BANCORPORATION, INC.",0,1130098,1
20171231.0,CITY NATIONAL BANK OF FLORIDA,GDN5JXQ4P5NZE28ZRC90,814430.0,"BCI FINANCIAL GROUP, INC.",549300Q1P45VKM114147,3762457,1
20171231.0,"WASHINGTON TRUST COMPANY, OF WESTERLY, THE",549300HKYBSATM44Q425,816603.0,"WASHINGTON TRUST BANCORP, INC.",J66MZFCNJPP3PERHZW54,1115349,1
20171231.0,SALISBURY BANK AND TRUST COMPANY,0,821906.0,"SALISBURY BANCORP, INC.",0,2693273,1
20171231.0,MORTON COMMUNITY BANK,549300SNZET0P5BZ3J56,825146.0,"HOMETOWN COMMUNITY BANCORP, INC.",0,2592714,1
20171231.0,CHOICE FINANCIAL GROUP,549300BB4LSE4JRRGV15,826956.0,"CHOICE FINANCIAL HOLDINGS, INC.",0,1125030,1
20171231.0,ANB BANK,0,828651.0,"STURM FINANCIAL GROUP, INC.",0,2942702,1
20171231.0,MIDWESTONE BANK,549300LZLYU85WF65870,836843.0,"MIDWESTONE FINANCIAL GROUP, INC.",0,1245228,1
20171231.0,"FIRST NATIONAL BANK OF LONG ISLAND, THE",0,837000.0,"FIRST OF LONG ISLAND CORPORATION, THE",0,1048894,1
20171231.0,MERCHANTS & FARMERS BANK,0,837840.0,"M & F BANCORP, INC.",0,1995523,1
20171231.0,FIRSTBANK SOUTHWEST,549300FRF7HYNM1S7Y12,840363.0,"FIRSTPERRYTON BANCORP, INC.",549300SXT5ZEGZA5ES98,1108707,1
20171231.0,LONE STAR NATIONAL BANK,0,842460.0,"LONE STAR NATIONAL BANCSHARES--TEXAS, INC.",0,2325350,1
20171231.0,FIRST AMERICAN BANK,XC7Z0BA39TU7L1AKOJ12,850036.0,FIRST AMERICAN BANK CORPORATION,0,1199974,1
20171231.0,"JPMORGAN CHASE BANK, NATIONAL ASSOCIATION",7H6GLXDRUGQFU57RNE97,852218.0,JPMORGAN CHASE & CO.,8I5DZWZKVSZI1NUHU748,1039502,2
20171231.0,J.P. MORGAN INTERNATIONAL FINANCE LIMITED,549300MW265RRCSDUE83,906915.0,JPMORGAN CHASE & CO.,8I5DZWZKVSZI1NUHU748,1039502,2
20171231.0,BRANCH BANKING AND TRUST COMPANY,JJKC32MCHWDI71265Z06,852320.0,BB&T CORPORATION,549300DRQQI75D2JP341,1074156,1
20171231.0,SOUTHERN BANCORP BANK,549300JQEF6V2RNWCC75,852544.0,"SOUTHERN BANCORP, INC",549300J8O0VX2R2EM036,1248939,1
20171231.0,QNB BANK,549300BP083ZZLEVGG70,852713.0,QNB CORP.,0,1118434,1
20171231.0,HEARTLAND BANK,0,853112.0,HEARTLAND BANCCORP,0,1399073,1
20171231.0,EASTHAMPTON SAVINGS BANK,0,859002.0,HOMETOWN FINANCIAL GROUP MHC,0,3728930,2
20171231.0,HOMETOWN BANK,0,1004470.0,HOMETOWN FINANCIAL GROUP MHC,0,3728930,2
20171231.0,"SUNRISE BANKS, NATIONAL ASSOCIATION",549300HWDY3N8UVJO697,860053.0,"UNIVERSITY FINANCIAL CORP, GBC DBA SUNRISE BANKS",549300FG9EK12UZY4V32,1139103,1
20171231.0,GLENS FALLS NATIONAL BANK AND TRUST COMPANY,0,866000.0,ARROW FINANCIAL CORPORATION,0,1048812,2
20171231.0,SARATOGA NATIONAL BANK AND TRUST COMPANY,0,1211371.0,ARROW FINANCIAL CORPORATION,0,1048812,2
20171231.0,LAKE CITY BANK,8Q77SW3KZ88P3GNX0T60,874845.0,LAKELAND FINANCIAL CORPORATION,0,1208906,1
20171231.0,CAPITAL CITY BANK,0,876634.0,"CAPITAL CITY BANK GROUP, INC.",0,1085509,1
20171231.0,LEGACYTEXAS BANK,549300Q8B7D8VF7VVU60,878898.0,"LEGACYTEXAS FINANCIAL GROUP, INC.",0,4191465,1
20171231.0,HERITAGE BANK,549300Z2B4FHRYOXTS09,881478.0,HERITAGE FINANCIAL CORPORATION,0,2166124,1
20171231.0,FAIRFIELD COUNTY BANK,0,882701.0,"FAIRFIELD COUNTY BANK, MHC",0,3824373,1
20171231.0,HARBOR COMMUNITY BANK,0,883137.0,"HCBF HOLDING COMPANY, INC.",0,4251499,1
20171231.0,CHEMUNG CANAL TRUST COMPANY,549300WU17K1CLH8VI32,884303.0,CHEMUNG FINANCIAL CORPORATION,0,1133594,1
20171231.0,MIDDLESEX SAVINGS BANK,VMDPCBOQ43W3PZTYZL93,888002.0,MIDDLESEX BANCORP MHC,0,3932072,1
20171231.0,BLACKHAWK BANK & TRUST,5493002L7I6EYKW3NG91,890742.0,"BLACKHAWK BANCORPORATION, INC.",0,1823345,1
20171231.0,WESTFIELD BANK,549300KV83NH6PNL5E48,892205.0,"WESTERN NEW ENGLAND BANCORP, INC.",549300Y8QE4EI2LP6B42,3866382,1
20171231.0,CITIZENS & NORTHERN BANK,0,895710.0,CITIZENS & NORTHERN CORPORATION,0,1143623,1
20171231.0,NORTHERN BANK & TRUST COMPANY,549300EE39SNC5DXTC46,900306.0,"NORTHERN BANCORP, INC.",0,1246935,1
20171231.0,INWOOD NATIONAL BANK,0,913753.0,"INWOOD BANCSHARES, INC.",0,1134498,1
20171231.0,THIRD FEDERAL SAVINGS & LOAN ASSOCIATION OF CLEVELAND,5493008CPTDVOS570626,915878.0,"THIRD FEDERAL SAVINGS AND LOAN ASSOCIATION OF CLEVELAND, MHC",0,3828036,1
20171231.0,"ASSOCIATED BANK, NATIONAL ASSOCIATION",ZF85QS7OXKPBG52R7N18,917742.0,ASSOCIATED BANC-CORP,549300N3CIN473IW5094,1199563,2
20171231.0,"ASSOCIATED TRUST COMPANY, NATIONAL ASSOCIATION",0,1629903.0,ASSOCIATED BANC-CORP,549300N3CIN473IW5094,1199563,2
20171231.0,SAFRA NATIONAL BANK OF NEW YORK,0,918918.0,SNBNY HOLDINGS LIMITED,0,2368106,1
20171231.0,RIVERVIEW COMMUNITY BANK,549300JPVHG8M0ADBX36,921178.0,"RIVERVIEW BANCORP, INC.",0,3180060,1
20171231.0,"LOWELL FIVE CENT SAVINGS BANK, THE",254900F213LCBO4VGA06,923707.0,LOWELL FIVE BANCORP MHC,0,4268349,1
20171231.0,DIME COMMUNITY BANK,549300RWP6SKF6EZZP82,924405.0,"DIME COMMUNITY BANCSHARES, INC.",0,2487650,1
20171231.0,SUN NATIONAL BANK,GV3L7HZKX3X3DEETIJ25,925710.0,"SUN BANCORP, INC",5493007HC22SSYIGKJ83,1139242,1
20171231.0,CITIZENS AND FARMERS BANK,549300QBMI3P6JWI9Q86,928421.0,C&F FINANCIAL CORPORATION,549300VFPAZLNS1R0361,2183493,1
20171231.0,AMERISERV FINANCIAL BANK,0,928618.0,"AMERISERV FINANCIAL, INC",0,1117316,1
20171231.0,BELL BANK,549300WYBPIWKK6SQC06,929352.0,"STATE BANKSHARES, INC.",0,1417333,1
20171231.0,"HOME BANK, NATIONAL ASSOCIATION",0,929978.0,"HOME BANCORP, INC.",0,3851191,1
20171231.0,HOME SAVINGS BANK,0,932277.0,UNITED COMMUNITY FINANCIAL CORPORATION,0,3831250,1
20171231.0,SHORE UNITED BANK,54930009M8OIJWECQX81,933023.0,"SHORE BANCSHARES, INC.",0,2429838,1
20171231.0,"ALERUS FINANCIAL, NATIONAL ASSOCIATION",549300C4J510S9L1RF98,933256.0,ALERUS FINANCIAL CORPORATION,5493008BXLBPPELQ3G57,2067007,1
20171231.0,REDDING BANK OF COMMERCE,549300CPJ1CVQTPXLO32,933863.0,BANK OF COMMERCE HOLDINGS,HIDHKSSVNILGQQ1P9A04,1030040,1
20171231.0,CITIZENS BUSINESS BANK,549300L36QZWPHM6FP31,933966.0,CVB FINANCIAL CORP.,0,1029222,1
20171231.0,BANK OF UTAH,549300NNL9H573MWO110,933975.0,"BOU BANCORP, INC.",5493001OI66KTSQZ1L44,2935142,1
20171231.0,OLD SECOND NATIONAL BANK,B94HV8SXGDD3J5XESU08,936136.0,"OLD SECOND BANCORP, INC.",549300XVJC1MPUT81C04,1206911,1
20171231.0,S & T BANK,0,936426.0,"S&T BANCORP, INC.",0,1071397,1
20171231.0,MECHANICS BANK,549300TF1E42EUFBSL45,936462.0,"EB ACQUISITION COMPANY, LLC",0,4759669,1
20171231.0,"UMB BANK, NATIONAL ASSOCIATION",VNOO6EITDJ2YUEBMSZ83,936855.0,UMB FINANCIAL CORPORATION,549300MGEH3N3CUCV828,1049828,2
20171231.0,"UMB BANK & TRUST, NATIONAL ASSOCIATION",0,2337335.0,UMB FINANCIAL CORPORATION,549300MGEH3N3CUCV828,1049828,2
20171231.0,BANCO POPULAR DE PUERTO RICO,0,940311.0,"POPULAR, INC.",0,1129382,2
20171231.0,BANCO POPULAR NORTH AMERICA,0,2736291.0,"POPULAR, INC.",0,1129382,2
20171231.0,RCB BANK,2549007W5PWUV8XG3V90,945053.0,"RCB HOLDING COMPANY, INC.",0,1130584,1
20171231.0,TEXAS BANK AND TRUST COMPANY,0,949154.0,LONGVIEW FINANCIAL CORPORATION,0,1103766,1
20171231.0,ESSA BANK & TRUST,549300W5E3L00UZ6F777,952677.0,"ESSA BANCORP, INC.",0,3854268,1
20171231.0,AMERICAN NATIONAL BANK AND TRUST COMPANY,549300HGXROE7ZUGMP55,958727.0,AMERICAN NATIONAL BANKSHARES INC.,0,1076691,1
20171231.0,FLUSHING BANK,0,959304.0,FLUSHING FINANCIAL CORPORATION,0,2393274,1
20171231.0,MERCHANTS BANK OF INDIANA,549300WRDGBHKR1BXL98,963945.0,MERCHANTS BANCORP,0,3530786,1
20171231.0,BOSTON PRIVATE BANK & TRUST COMPANY,OLO8RKM2RJ2ICV6SJH34,964700.0,"BOSTON PRIVATE FINANCIAL HOLDINGS, INC.",0,1248078,1
20171231.0,CAPITOL FEDERAL SAVINGS BANK,549300C61LNGA8J8EF85,968070.0,"CAPITOL FEDERAL FINANCIAL, INC.",0,4226910,1
20171231.0,PLANTERS BANK & TRUST COMPANY,0,972648.0,PLANTERS HOLDING COMPANY,0,1096484,1
20171231.0,MIDWEST INDEPENDENT BANK,0,977250.0,"MIDWEST INDEPENDENT BANCSHARES, INC.",0,1142309,1
20171231.0,FIRST CITIZENS COMMUNITY BANK,0,978118.0,"CITIZENS FINANCIAL SERVICES, INC.",0,1118368,1
20171231.0,"STERLING BANK AND TRUST, FSB",549300ZEHLZ064G58146,979375.0,"STERLING BANCORP, INC.",0,3852031,1
20171231.0,FIRST FEDERAL BANK OF THE MIDWEST,0,981275.0,FIRST DEFIANCE FINANCIAL CORPORATION,0,3316917,1
20171231.0,PEOPLE'S INTERMOUNTAIN BANK,254900UO8HSLT3L5XF84,984379.0,PEOPLE'S UTAH BANCORP,0,2748995,1
20171231.0,1ST SOURCE BANK,LCUAWMT4M5H8DJ8DFH49,991340.0,1ST SOURCE CORPORATION,0,1199602,1
20171231.0,CACHE VALLEY BANK,549300CM7HYHZ1MEJ624,995076.0,CACHE VALLEY BANKING COMPANY,0,2324997,1
20171231.0,CTBC BANK CORP. (USA),5493005LWLLN6G3XQP35,996260.0,CTBC CAPITAL CORP.,0,1486517,1
20171231.0,EAST BOSTON SAVINGS BANK,549300COSKD1GGV2KI91,1000100.0,"MERIDIAN BANCORP, INC.",0,1902651,1
20171231.0,PARKWAY BANK AND TRUST COMPANY,0,1001639.0,"PARKWAY BANCORP, INC.",0,1200692,1
20171231.0,CARROLLTON BANK,549300CP7747DCRW6U68,1001648.0,CBX CORPORATION,549300ZIM73E2656RW15,1860863,1
20171231.0,NORTHWEST BANK,LVR1UQE8OOCO93IHEB52,1002878.0,NORTHWEST BANCSHARES INC,0,4122722,1
20171231.0,CENTRAL BANK & TRUST COMPANY,0,1007015.0,"CENTRAL BANCSHARES, INC.",0,2158156,1
20171231.0,FIRST MIDWEST BANK,KV8W1JTB8FZ821S5ED75,1007846.0,"FIRST MIDWEST BANCORP, INC.",0,1208184,2
20171231.0,"FIRST MIDWEST HOLDINGS, INC",0,1994647.0,"FIRST MIDWEST BANCORP, INC.",0,1208184,2
20171231.0,SECURITY BANK OF KANSAS CITY,0,1009354.0,"VALLEY VIEW BANCSHARES, INC.",0,1050712,1
20171231.0,FARMINGTON BANK,5493003XRX2RA8ES6W23,1009804.0,"FIRST CONNECTICUT BANCORP, INC.",0,3407598,1
20171231.0,CITY NATIONAL BANK OF WEST VIRGINIA,549300KJZ82173UB3I21,1011526.0,CITY HOLDING COMPANY,0,1076262,1
20171231.0,UNITED COMMUNITY BANK,T68X8LLAQYRNDV034K14,1017939.0,"UNITED COMMUNITY BANKS, INC.",549300GVW0FV66X3U703,1249347,1
20171231.0,XENITH BANK,0,1161029.0,"XENITH BANKSHARES, INC.",0,3012554,1
20171231.0,"BEAL BANK, SSB",254900ICWLL3VTTY6063,1176881.0,BEAL FINANCIAL CORPORATION,254900R8XI23F3NGR652,3818804,2
20171231.0,BEAL BANK USA,254900OZWU5GT0UJGT30,3284397.0,BEAL FINANCIAL CORPORATION,254900R8XI23F3NGR652,3818804,2
20171231.0,INTERBANK,549300T2PYPUFN0IWJ63,1187001.0,"OLNEY BANCSHARES OF TEXAS, INC.",0,2233950,1
20171231.0,ENTERPRISE BANK & TRUST,K0ZDN2CBIQC0EHBKNK35,1190476.0,ENTERPRISE FINANCIAL SERVICES CORP,5493001XTU5DLD632129,2303910,1
20171231.0,SYNCHRONY BANK,549300UATVPGSLE43Z27,1216022.0,SYNCHRONY FINANCIAL,549300RS7EWPM9MA6C78,4504654,1
20171231.0,REPUBLIC FIRST BANK DBA REPUBLIC BANK,0,1216321.0,"REPUBLIC FIRST BANCORP, INC.",0,1398807,1
20171231.0,ENTERPRISE BANK AND TRUST COMPANY,0,1356768.0,"ENTERPRISE BANCORP, INC.",0,2461016,1
20171231.0,BANCFIRST,549300MNZECUR067HB12,1386251.0,BANCFIRST CORPORATION,549300EJEHGBP4IO2J30,1133286,1
20171231.0,AMERICAN EXPRESS CENTURION BANK,2MTSQ5CCMGGQ8GQ49R43,1394676.0,AMERICAN EXPRESS COMPANY,R4PP93JZOLY261QX3811,1275216,2
20171231.0,"AMERICAN EXPRESS BANK, FSB",L8OE7P8XHYQYWFH4C498,2966306.0,AMERICAN EXPRESS COMPANY,R4PP93JZOLY261QX3811,1275216,2
20171231.0,OLD LINE BANK,549300541HUKI2R50N92,1401387.0,"OLD LINE BANCSHARES, INC.",0,3200221,1
20171231.0,1ST CONSTITUTION BANK,0,1412619.0,1ST CONSTITUTION BANCORP,0,2784920,1
20171231.0,BANK OF MARIN,549300EGL1VV7LY0QU69,1436204.0,BANK OF MARIN BANCORP,0,3590388,1
20171231.0,WESTSTAR BANK,5493007ZMQ2ZFZA66L83,1447639.0,"WESTSTAR BANK HOLDING COMPANY, INC.",0,3122051,1
20171231.0,FCB BANKS,549300L8JRY60EOROT34,1459717.0,"FIRST CO BANCORP, INC.",0,1250473,1
20171231.0,NORTHRIM BANK,549300R07HMKT86V3034,1718188.0,"NORTHRIM BANCORP, INC.",5493006X7RLLTZ3SG075,3025385,1
20171231.0,COLORADO FEDERAL SAVINGS BANK,PINLJ7T7GLTF48NFP863,1718469.0,"SILVER QUEEN FINANCIAL SERVICES, INC.",0,3835164,1
20171231.0,CIBC BANK USA,FDXQ75GPEQKRPWABYN63,1842065.0,CIBC BANCORP USA INC.,0,5014141,1
20171231.0,CITIZENS FIRST BANK,0,1867983.0,"VILLAGES BANCORPORATION, INC.",0,2012315,1
20171231.0,"FIRST AMERICAN TRUST, F.S.B.",0,1883321.0,FIRST AMERICAN FINANCIAL CORPORATION,549300B6VEZK3N0A1P55,1250101,1
20171231.0,CRESCENT BANK & TRUST,0,1885932.0,CB&T HOLDING CORPORATION,0,2254508,1
20171231.0,UNITY BANK,0,1890525.0,"UNITY BANCORP, INC.",549300Q90ZRNUR65PL93,2181426,1
20171231.0,CHARLES SCHWAB SIGNATURE BANK,54930060P82LK4CCQX34,1893049.0,"CHARLES SCHWAB CORPORATION, THE",0,1026632,2
20171231.0,CHARLES SCHWAB BANK,549300INFJ8TYNZ1G568,3150447.0,"CHARLES SCHWAB CORPORATION, THE",0,1026632,2
20171231.0,"CENTERSTATE BANK, NATIONAL ASSOCIATION",8I3UVGYULPJQIP7FQV10,1929247.0,CENTERSTATE BANK CORPORATION,0,2868129,1
20171231.0,STARION BANK,54930019RBT2SM6CQS78,2009605.0,STARION BANCORPORATION,549300LZ5ODQKQUE5F84,1126729,1
20171231.0,COLUMBIA STATE BANK,0S8H5NJFLHEVJXVTQ413,2078290.0,"COLUMBIA BANKING SYSTEM, INC.",0,2078816,1
20171231.0,"NATIONAL BANK OF INDIANAPOLIS, THE",549300FTS7TVGFDGUH88,2132941.0,"NATIONAL BANK OF INDIANAPOLIS CORPORATION, THE",0,2149622,1
20171231.0,"RAYMOND JAMES TRUST, NATIONAL ASSOCIATION",0,2163477.0,"RAYMOND JAMES FINANCIAL, INC.",RGUZHJ05YTITL6D76949,3815157,3
20171231.0,"RAYMOND JAMES BANK, NATIONAL ASSOCIATION",ZXMJHJK466PBZTM5F379,2193616.0,"RAYMOND JAMES FINANCIAL, INC.",RGUZHJ05YTITL6D76949,3815157,3
20171231.0,"RAYMOND JAMES CANADIAN ACQUISTION, INC.",NJ863Z8RCFF4NS8ECY21,4392806.0,"RAYMOND JAMES FINANCIAL, INC.",RGUZHJ05YTITL6D76949,3815157,3
20171231.0,GOLDMAN SACHS BANK USA,KD3XUN7C6T14HNAYLU02,2182786.0,"GOLDMAN SACHS GROUP, INC., THE",784F5XWPLTWKTBV3E584,2380443,2
20171231.0,"GOLDMAN SACHS TRUST COMPANY, NATIONAL ASSOCIATION, THE",549300C77NPNCOM1EG05,3066025.0,"GOLDMAN SACHS GROUP, INC., THE",784F5XWPLTWKTBV3E584,2380443,2
20171231.0,HERITAGE BANK OF COMMERCE,0,2209553.0,HERITAGE COMMERCE CORP,549300CLIS851ELSR406,2634874,1
20171231.0,FIRST COMMUNITY BANK,5493001HBUA9JSUEWO16,2328137.0,FIRST COMMUNITY CORPORATION,549300TC167ECI9SMC70,2337401,1
20171231.0,FIRST BANK & TRUST,BRMFSB724YSBQNIBI571,2333298.0,"FIRST EVANSTON BANCORP, INC.",549300FDJT2WEFOJP085,2339656,1
20171231.0,FIRST COMMUNITY BANK,5493007TJ86W1ZK4LZ15,2353595.0,"FIRST COMMUNITY BANCSHARES, INC.",0,1478017,1
20171231.0,CUSTOMERS BANK,0,2354985.0,"CUSTOMERS BANCORP, INC",549300WLBCHYKZ53FN68,4284536,1
20171231.0,BNC NATIONAL BANK,549300LH06ZZHKPX5U83,2358769.0,"BNCCORP, INC.",0,1248162,1
20171231.0,"SUMMIT COMMUNITY BANK, INC.",Z867SNMO7WGY8TTGQG78,2372774.0,"SUMMIT FINANCIAL GROUP, INC.",0,1247679,1
20171231.0,"FIRST, A NATIONAL BANKING ASSOCIATION, THE",0,2385514.0,"FIRST BANCSHARES, INC., THE",0,2385493,1
20171231.0,BANK OF ANN ARBOR,549300PI8J8CV6B53I58,2390929.0,"ARBOR BANCORP, INC.",0,2454380,1
20171231.0,INVESTORS COMMUNITY BANK,0,2524797.0,"COUNTY BANCORP, INC.",0,2524788,1
20171231.0,FIRST COMMUNITY BANK OF BATESVILLE,0,2596646.0,"FIRST COMMUNITY BANCSHARES, INC.",0,2641694,1
20171231.0,MERCANTILE BANK OF MICHIGAN,RM2F4G3WBQ8R9OKYRH19,2608754.0,MERCANTILE BANK CORPORATION,P16VZZCKTJ5IONL6XE37,2608763,1
20171231.0,"TEXAS CAPITAL BANK, NATIONAL ASSOCIATION",38PG5GG0OEQK4QMSKE59,2618780.0,"TEXAS CAPITAL BANCSHARES, INC.",549300466Q2SXRX0YM48,2706735,1
20171231.0,GLACIER BANK,549300ESRQ6OLBB56N04,2634191.0,"GLACIER BANCORP, INC.",0,2003975,1
20171231.0,MACATAWA BANK,549300M5D5Q2KMDSMP10,2634351.0,MACATAWA BANK CORPORATION,0,2634696,1
20171231.0,EAGLEBANK,WVM1F03F86RQLLTEVE84,2652092.0,"EAGLE BANCORP, INC.",549300B47NZODRMG3D47,2652104,1
20171231.0,INDEPENDENT BANK,0,2666400.0,"INDEPENDENT HOLDINGS, INC",0,3121193,1
20171231.0,AMERICAN FIRST NATIONAL BANK,0,2694681.0,"AFNB HOLDINGS, INC.",0,3472176,1
20171231.0,METROPOLITAN COMMERCIAL BANK,0,2705895.0,METROPOLITAN BANK HOLDING CORP.,0,2820211,1
20171231.0,STIFEL TRUST COMPANY NATIONAL ASSOCIATION,0,2713920.0,STIFEL FINANCIAL CORP.,549300E5F07FE5GHJX84,3063622,3
20171231.0,STIFEL BANK AND TRUST,CKVBED0S4DMLKJJ5XH28,3076248.0,STIFEL FINANCIAL CORP.,549300E5F07FE5GHJX84,3063622,3
20171231.0,"STIFEL TRUST COMPANY DELAWARE, NATIONAL ASSOCIATION",213800TX819S6MWEJV96,4125778.0,STIFEL FINANCIAL CORP.,549300E5F07FE5GHJX84,3063622,3
20171231.0,PACIFIC MERCANTILE BANK,0,2717012.0,PACIFIC MERCANTILE BANCORP,0,2869733,1
20171231.0,"GREEN BANK, NATIONAL ASSOCIATION",549300IPOYGXY3GXY258,2719427.0,"GREEN BANCORP, INC.",549300YIAJ7MI1E65N94,3474835,1
20171231.0,RED RIVER BANK,5493006QG55R8V712J33,2743244.0,"RED RIVER BANCSHARES, INC.",549300SO63STZV7UHM15,2743235,1
20171231.0,"FIRSTCAPITAL BANK OF TEXAS,N.A.",549300KYODJTW38SQV05,2746263.0,"FIRST BANCSHARES OF TEXAS, INC.",0,3121344,1
20171231.0,"MVB BANK, INC.",549300LBYGRKZX1SD516,2757205.0,MVB FINANCIAL CORP.,549300KSUQ2FUU1X2O74,3211601,1
20171231.0,FIRST INTERNET BANK OF INDIANA,549300B81YWV4GBENI49,2758613.0,FIRST INTERNET BANCORP,0,3393178,1
20171231.0,RELIANCE BANK,54930002WCVKQA28V776,2769589.0,"RELIANCE BANCSHARES, INC.",0,2787118,1
20171231.0,PARAGON COMMERCIAL BANK,5493008M6846E2FNAU09,2806626.0,PARAGON COMMERCIAL CORPORATION,0,3021800,1
20171231.0,SOUTHERN FIRST BANK,549300PP6R8WIOP60124,2849801.0,"SOUTHERN FIRST BANCSHARES, INC.",0,2849799,1
20171231.0,"BANCORP BANK, THE",24C4CXKSJUS7LUHQN688,2858960.0,"BANCORP, INC., THE",0,2858951,1
20171231.0,ACCESS NATIONAL BANK,549300QWEDZGLJE73X04,2859903.0,ACCESS NATIONAL CORPORATION,0,3109904,1
20171231.0,SELECT BANK & TRUST COMPANY,549300ZWYZY3FEPUIJ64,2913887.0,SELECT BANCORP INC.,0,3207659,1
20171231.0,BOFI FEDERAL BANK,0,2917317.0,"BOFI HOLDING, INC.",0,3814310,1
20171231.0,PINNACLE BANK,549300CDOC4F7XSRG390,2925666.0,"PINNACLE FINANCIAL PARTNERS, INC.",0,2925657,1
20171231.0,NICOLET NATIONAL BANK,38CFVD4YYFWD1FV7IM34,2941068.0,"NICOLET BANKSHARES, INC.",0,3103603,1
20171231.0,BCB COMMUNITY BANK,0,2954059.0,"BCB BANCORP, INC.",54930024V6Z8FYSN4291,3170539,1
20171231.0,BARCLAYS BANK DELAWARE,C7HX62OF36KBJB6QPK73,2980209.0,BARCLAYS US LLC,0,5006575,1
20171231.0,CRESCOM BANK,549300PZXSGE8V4F6I85,3013823.0,CAROLINA FINANCIAL CORPORATION,0,2507790,1
20171231.0,CITIZENS BANK OF PENNSYLVANIA,BYS4YH6F43ZNH28P2D57,3041974.0,"CITIZENS FINANCIAL GROUP, INC.",0,1132449,2
20171231.0,"CITIZENS BANK, NATIONAL ASSOCIATION",DRMSV1Q0EKMEXLAU1P80,3303298.0,"CITIZENS FINANCIAL GROUP, INC.",0,1132449,2
20171231.0,BANKWELL BANK,0,3109043.0,"BANKWELL FINANCIAL GROUP, INC.",5493004NUBQXPY84NX67,3553815,1
20171231.0,"LEADER BANK, NATIONAL ASSOCIATION",549300FK3AFCFVAPH234,3109146.0,"LEADER BANCORP, INC",549300I0C6XDS6VSVM49,3439236,1
20171231.0,SOUTHEAST BANK,0,3110197.0,"EDUCATIONAL SERVICES OF AMERICA, INC.",0,3808131,1
20171231.0,WESTERN ALLIANCE BANK,SI7YQSVPFZBSQ878IC17,3138146.0,WESTERN ALLIANCE BANCORPORATION,5493003VJXZ5JXT9S762,2349815,1
20171231.0,"FORCHT BANK, NATIONAL ASSOCIATION",0,3141726.0,"FORCHT BANCORP, INC.",0,3446346,1
20171231.0,PACIFIC CITY BANK,54930072UFREQ9ZZRG80,3212402.0,PACIFIC CITY FINANCIAL CORPORATION,549300E5CI0LZ8Q25890,3595084,1
20171231.0,VERITEX COMMUNITY BANK,549300Q2EZNO3H86ED06,3221468.0,"VERITEX HOLDINGS, INC.",549300F3SMOML02SC814,4105266,1
20171231.0,POPPY BANK,5493008G1MFZT6ZVIK41,3232204.0,FIRST COMMUNITY HOLDINGS,0,3602245,1
20171231.0,WASHINGTONFIRST BANK,0,3253571.0,"WASHINGTONFIRST BANKSHARES, INC.",549300UEM4C23DHLT013,3922466,1
20171231.0,"POST OAK BANK, N.A.",0,3274772.0,"POST OAK BANCSHARES, INC.",0,3802250,1
20171231.0,NATIONAL BANK OF COMMERCE,5493000V7431YLIMOX56,3275939.0,NATIONAL COMMERCE CORPORATION,5493006VAYIZL456AS87,3551389,1
20171231.0,UNITED BUSINESS BANK,0,3281510.0,BAYCOM CORP,549300UOLS54Q5ONIG33,5069897,1
20171231.0,STERLING BANK,549300DNP4W96HB6LV07,3284490.0,"STERLING BANCSHARES, INC.",0,3283587,1
20171231.0,HAMILTON STATE BANK,549300BKE6IT7LYIF705,3294583.0,"HAMILTON STATE BANCSHARES, INC.",0,3392331,1
20171231.0,PARAMOUNT BANK,0,3308574.0,"PARAMOUNT FINANCIAL GROUP, LLC",549300IYPEEU6O6OCU81,5119363,1
20171231.0,CONNECTONE BANK,0,3317932.0,"CONNECTONE BANCORP, INC.",0,1048764,1
20171231.0,TWO RIVERS BANK & TRUST,549300TN34NXD7N44O04,3320781.0,"TWO RIVERS FINANCIAL GROUP, INC.",0,1947102,1
20171231.0,SONABANK,549300GCUYVW860UOZ07,3325759.0,"SOUTHERN NATIONAL BANCORP OF VIRGINIA, INC.",549300JNX3M2EENG1F11,3325740,1
20171231.0,COMMONWEALTH BUSINESS BANK,0,3337097.0,"CBB BANCORP, INC.",0,5124938,1
20171231.0,SERVISFIRST BANK,549300XSS1CPK8G7B851,3348888.0,"SERVISFIRST BANCSHARES, INC.",0,3635319,1
20171231.0,BRIDGEWATER BANK,549300FKWBMLIMGZ7Q40,3378773.0,"BRIDGEWATER BANCSHARES, INC.",5493001FLSBTVILKXZ71,3378764,1
20171231.0,STATE BANK AND TRUST COMPANY,549300LS4IRCYZSRMH20,3384318.0,STATE BANK FINANCIAL CORPORATION,0,4036324,1
20171231.0,BUSINESS FIRST BANK,0,3408728.0,"BUSINESS FIRST BANCSHARES, INC.",549300ILTC50KHDX4A08,3488850,1
20171231.0,JOHN MARSHALL BANK,0,3419416.0,"JOHN MARSHALL BANCORP, INC.",0,5039724,1
20171231.0,AMERICAN MOMENTUM BANK,549300IJB00VM6H8PP97,3447576.0,"ADAM BANK GROUP, INC.",0,3447567,1
20171231.0,INVESTAR BANK,549300CPKDUJKREQRG38,3449066.0,INVESTAR HOLDING CORPORATION,54930001EK2YM28LOJ08,4090054,1
20171231.0,TRISTATE CAPITAL BANK,5493002GQNJKJONGBS18,3475083.0,"TRISTATE CAPITAL HOLDINGS, INC",5493003JKSPN0881WX29,3475074,1
20171231.0,SEASIDE NATIONAL BANK & TRUST,D8SFNSSIDZMKUS9I1S65,3487518.0,"THREE SHORES BANCORPORATION, INC.",0,3934562,1
20171231.0,SMARTBANK,0,3532641.0,"SMARTFINANCIAL, INC.",0,1131497,1
20171231.0,USAMERIBANK,549300KCT38P2S5TRP15,3536407.0,"USAMERIBANCORP, INC.",0,3536386,1
20171231.0,FINEMARK NATIONAL BANK & TRUST,0,3547131.0,"FINEMARK HOLDINGS, INC.",0,3547159,1
20171231.0,"ATLANTIC CAPITAL BANK, NATIONAL ASSOCIATION",549300NYPTCONPN5C616,3555695.0,"ATLANTIC CAPITAL BANCSHARES, INC.",5493005URKIOUNJO6097,3555686,1
20171231.0,HOMEBANC,549300LCPAOSRFZLHG90,3577389.0,"HOMEBANCORP, INC.",5493008ATL42O3U2YM84,3577419,1
20171231.0,ALLEGIANCE BANK,0,3579589.0,"ALLEGIANCE BANCSHARES, INC.",0,3744239,1
20171231.0,FIRST FLORIDA INTEGRITY BANK,549300EVJT6K5WFCK440,3591282.0,"TGR FINANCIAL, INC.",0,4360113,1
20171231.0,CROSSFIRST BANK,5493005XMSZYL5SAEF41,3594005.0,"CROSSFIRST BANKSHARES, INC.",0,3903661,1
20171231.0,LEVEL ONE BANK,549300B3O78O3WRVJJ49,3612525.0,"LEVEL ONE BANCORP, INC.",0,3612543,1
20171231.0,FRANKLIN SYNERGY BANK,0,3635533.0,"FRANKLIN FINANCIAL NETWORK, INC.",0,3637582,1
20171231.0,FIRST FOUNDATION BANK,549300M5KSPQD2HH1N54,3637685.0,FIRST FOUNDATION INC.,0,3842658,1
20171231.0,GRANDPOINT BANK,0,3640283.0,"GRANDPOINT CAPITAL, INC.",0,3811832,1
20171231.0,LIVE OAK BANKING COMPANY,0,3650808.0,"LIVE OAK BANCSHARES, INC.",0,3884863,1
20171231.0,PROGRESS BANK AND TRUST,549300E2RDLPC5BL1Z93,3690596.0,PROGRESS FINANCIAL CORPORATION,0,4503901,1
20171231.0,CAPSTAR BANK,549300CF5UDGUFHYM827,3715444.0,"CAPSTAR FINANCIAL HOLDINGS, INC.",0,4933272,1
20171231.0,MARLIN BUSINESS BANK,0,3716852.0,MARLIN BUSINESS SERVICES CORP.,0,3832583,1
20171231.0,ROYAL BUSINESS BANK,0,3835454.0,RBB BANCORP,549300A23FBFZNGET525,4176855,1
20171231.0,"CIT BANK, NATIONAL ASSOCIATION",FVPV0TNOIM6NUIE59530,3918898.0,CIT GROUP INC.,N8O96ZZJQRFYQUJY7K79,1036967,1
20171231.0,"BANKUNITED, NATIONAL ASSOCIATION",BFLFJ4PXRGDML87ZYT33,3938186.0,"BANKUNITED, INC.",96OVUWEW5D4YX6PFXD91,4028712,1
20171231.0,"FLORIDA COMMUNITY BANK, NATIONAL ASSOCIATION",549300SGSDB4HQJSLK07,4041421.0,"FCB FINANCIAL HOLDINGS, INC.",0,3944628,1
20171231.0,NBH BANK,549300T7AIY7RU1YDP31,4210227.0,NATIONAL BANK HOLDINGS CORPORATION,0,3973888,1
20171231.0,"CADENCE BANK, N.A.",3XATK28RYORGPDF31217,4262534.0,CADENCE BANCORP LLC,5493005W0IKYDE6MWK10,4037349,1
