id,date,fed_district_code,NONINTEREST-BEARING DEPOSITS (BHC CONSOL. FOREIGN OFC.),INTEREST-BEARING DEPOSITS (BHC CONSOL. U.S. OFC),charter_type,city,country,parent_id,lei,name_legal,name,org_type,fed_regulator,state
1020180,20171231,9,3010842,7112735,500,SAINT PAUL,UNITED STATES,0,549300TXP74T8NJZJW60,BREMER FINANCIAL CORPORATION,BREMER FNCL CORP,1,FRS,MN
1020902,20171231,10,5333437,11382415,500,OMAHA,UNITED STATES,0,0,"FIRST NATIONAL OF NEBRASKA, INC.",FIRST NAT OF NE,1,FRS,NE
1022764,20171231,12,527193,4429023,500,HONOLULU,UNITED STATES,0,549300W3YEAOZ4KGG849,CENTRAL PACIFIC FINANCIAL CORP.,CENTRAL PACIFIC FC,1,FRS,HI
1025309,20171231,12,4297801,9636475,500,HONOLULU,UNITED STATES,0,5493006Q8BQ8AD8M2U33,BANK OF HAWAII CORPORATION,BANK OF HI CORP,1,FRS,HI
1025541,20171231,12,2198403,2630086,500,SAN RAFAEL,UNITED STATES,0,0,WESTAMERICA BANCORPORATION,WESTAMERICA BC,1,FRS,CA
1026632,20171231,12,812000,168864000,500,SAN FRANCISCO,UNITED STATES,0,0,"CHARLES SCHWAB CORPORATION, THE",CHARLES SCHWAB CORP,1,FRS,CA
1026801,20171231,12,1493337,1941819,500,FREMONT,UNITED STATES,0,549300HJ9U2LJ44PTD84,FREMONT BANCORPORATION,FREMONT BC,1,FRS,CA
1027004,20171231,12,23868342,28752733,500,SALT LAKE CITY,UNITED STATES,0,YYQWUR1Z2BCX32HQS333,ZIONS BANCORPORATION,ZIONS BC,1,FRS,UT
1029222,20171231,12,3846436,2700417,500,ONTARIO,UNITED STATES,0,0,CVB FINANCIAL CORP.,CVB FC,1,FRS,CA
1029464,20171231,12,2356637,3091662,500,SPOKANE,UNITED STATES,0,0,W.T.B. FINANCIAL CORPORATION,WTB FC,1,FRS,WA
1030040,20171231,12,305650,797082,500,SACRAMENTO,UNITED STATES,0,HIDHKSSVNILGQQ1P9A04,BANK OF COMMERCE HOLDINGS,BANK OF CMRC HOLD,1,FRS,CA
1030170,20171231,12,1368947,2640184,500,CHICO,UNITED STATES,0,0,TRICO BANCSHARES,TRICO BSHRS,1,FRS,CA
1030947,20171231,12,460962,1020609,500,BELLINGHAM,UNITED STATES,0,0,PEOPLES BANCORP,PEOPLES BC,1,FRS,WA
1031449,20171231,12,35567336,5369619,500,SANTA CLARA,UNITED STATES,0,549300D2KJ20JMXE7542,SVB FINANCIAL GROUP,SVB FNCL GRP,1,FRS,CA
1032464,20171231,2,718930,2491676,500,WARSAW,UNITED STATES,0,0,"FINANCIAL INSTITUTIONS, INC.",FINANCIAL INST,1,FRS,NY
1035157,20171231,2,0,0,500,SARATOGA SPRINGS,UNITED STATES,0,0,473 BROADWAY HOLDING CORPORATION,473 BROADWAY HOLD CORP,1,FRS,NY
1036967,20171231,2,1538628,28072097,500,LIVINGSTON,UNITED STATES,0,N8O96ZZJQRFYQUJY7K79,CIT GROUP INC.,CIT GROUP,1,FRS,NJ
1037003,20171231,2,33975180,58233751,500,BUFFALO,UNITED STATES,0,0,M&T BANK CORPORATION,M&T BK CORP,1,FRS,NY
1039502,20171231,2,393645000,793618000,500,NEW YORK,UNITED STATES,0,8I5DZWZKVSZI1NUHU748,JPMORGAN CHASE & CO.,JPMORGAN CHASE & CO,1,FRS,NY
1048513,20171231,3,398468,3774869,500,GLENVILLE,UNITED STATES,0,0,TRUSTCO BANK CORP NY,TRUSTCO BC NY,4,FRS,NY
1048764,20171231,2,776843,3018285,500,ENGLEWOOD CLIFFS,UNITED STATES,0,0,"CONNECTONE BANCORP, INC.",CONNECTONE BC,1,FRS,NJ
1048773,20171231,2,5224928,12928534,500,WAYNE,UNITED STATES,0,0,VALLEY NATIONAL BANCORP,VALLEY NAT BC,1,FRS,NJ
1048812,20171231,2,441945,1803171,500,GLENS FALLS,UNITED STATES,0,0,ARROW FINANCIAL CORPORATION,ARROW FC,1,FRS,NY
1048867,20171231,2,2293057,6151363,500,SYRACUSE,UNITED STATES,0,0,"COMMUNITY BANK SYSTEM, INC.",COMMUNITY BK SYS,1,FRS,NY
1048894,20171231,2,896129,1925868,500,GLEN HEAD,UNITED STATES,0,0,"FIRST OF LONG ISLAND CORPORATION, THE",FIRST OF LONG ISLAND CORP,1,FRS,NY
1049341,20171231,10,7174093,13266484,500,KANSAS CITY,UNITED STATES,0,0,"COMMERCE BANCSHARES, INC.",COMMERCE BSHRS,1,FRS,MO
1049828,20171231,10,6839171,11183829,500,KANSAS CITY,UNITED STATES,0,549300MGEH3N3CUCV828,UMB FINANCIAL CORPORATION,UMB FC,1,FRS,MO
1050646,20171231,10,279221,1110581,500,YORK,UNITED STATES,0,0,FIRST YORK BAN CORP.,FIRST YORK BC,1,FRS,NE
1050712,20171231,10,640004,1730273,500,OVERLAND PARK,UNITED STATES,0,0,"VALLEY VIEW BANCSHARES, INC.",VALLEY VIEW BSHRS,1,FRS,KS
1052220,20171231,10,198680,683179,500,SAPULPA,UNITED STATES,0,0,"AMERICAN BANCORPORATION, INC.",AMERICAN BC,1,FRS,OK
1053272,20171231,10,1010177,7875793,500,OMAHA,UNITED STATES,0,0,"PINNACLE BANCORP, INC.",PINNACLE BC,1,FRS,NE
1053496,20171231,10,453534,769474,500,KANSAS CITY,UNITED STATES,0,0,CCB FINANCIAL CORPORATION,CCB FNCL CORP,1,FRS,MO
1053580,20171231,10,129343,2776760,500,LINCOLN,UNITED STATES,0,0,"FARMERS & MERCHANTS INVESTMENT, INC.",FARMERS & MRCH INV,1,FRS,NE
1054514,20171231,8,520286,1980376,500,COLUMBIA,UNITED STATES,0,0,LANDRUM COMPANY,LANDRUM CO,1,FRS,MO
1056161,20171231,10,7493,1126358,500,LOS ALAMOS,UNITED STATES,0,549300QP9GRDFOOQFM86,TRINITY CAPITAL CORPORATION,TRINITY CAP CORP,1,FRS,NM
1058398,20171231,10,1478279,3814311,500,DURANT,UNITED STATES,0,0,"DURANT BANCORP, INC.",DURANT BC,1,FRS,OK
1059715,20171231,10,763387,2076704,500,OMAHA,UNITED STATES,0,0,AMERICAN NATIONAL CORPORATION,AMERICAN NAT CORP,1,FRS,NE
1060328,20171231,10,1473650,1751570,500,DENVER,UNITED STATES,0,UW4GNOJVVI4H1GTO8O90,"COBIZ FINANCIAL, INC.",COBIZ FNCL,1,FRS,CO
1060627,20171231,10,1360885,14456114,500,LAKEWOOD,UNITED STATES,0,0,FIRSTBANK HOLDING COMPANY,FIRSTBANK HC,1,FRS,CO
1061679,20171231,10,1075878.0,1995555.0,500,GLENWOOD SPRINGS,UNITED STATES,0,0,ALPINE BANKS OF COLORADO,ALPINE BK OF CO,1,FRS,CO
1064278,20171231,10,813213.0,3143883.0,500,WICHITA,UNITED STATES,0,549300UT14PGK0YPUU83,INTRUST FINANCIAL CORPORATION,INTRUST FC,1,FRS,KS
1064728,20171231,10,449110.0,777496.0,500,OKLAHOMA CITY,UNITED STATES,0,0,"FIRST FIDELITY BANCORP, INC.",FIRST FIDELITY BC,1,FRS,OK
1066209,20171231,10,0.0,0.0,500,OMAHA,UNITED STATES,0,0,LAURITZEN CORPORATION,LAURITZEN CORP,1,FRS,NE
1066713,20171231,10,657205.0,2333335.0,500,DENVER,UNITED STATES,0,0,FIRSTSUN CAPITAL BANCORP,FIRSTSUN CAP BC,1,FRS,CO
1068025,20171231,4,33693527.0,71565886.0,500,CLEVELAND,UNITED STATES,0,RKPI3RZGV1V1FJTH5T61,KEYCORP,KEYCORP,1,FRS,OH
1068191,20171231,4,21680341.0,55497578.0,500,COLUMBUS,UNITED STATES,0,0,HUNTINGTON BANCSHARES INCORPORATED,HUNTINGTON BSHRS,1,FRS,OH
1069778,20171231,4,79781285.0,182643675.0,500,PITTSBURGH,UNITED STATES,0,CFGNEKW0P8842LEUIA51,"PNC FINANCIAL SERVICES GROUP, INC., THE",PNC FNCL SVC GROUP,1,FRS,PA
1070345,20171231,4,35707456.0,67402971.0,500,CINCINNATI,UNITED STATES,0,0,FIFTH THIRD BANCORP,FIFTH THIRD BC,1,FRS,OH
1070420,20171231,4,82096.0,1099664.0,500,MOUNT STERLING,UNITED STATES,0,0,"TRADITIONAL BANCORPORATION, INC.",TRADITIONAL BC,1,FRS,KY
1070448,20171231,4,1846768.0,5196840.0,500,WHEELING,UNITED STATES,0,0,"WESBANCO, INC.",WESBANCO,1,FRS,WV
1070578,20171231,4,556010.0,2174320.0,500,MARIETTA,UNITED STATES,0,I70W3N0Z6KOX8FYIH023,PEOPLES BANCORP INC.,PEOPLES BC,1,FRS,OH
1070644,20171231,4,792402.0,2472933.0,500,PIKEVILLE,UNITED STATES,0,0,"COMMUNITY TRUST BANCORP, INC.",COMMUNITY TR BC,1,FRS,KY
1070765,20171231,4,140944.0,640847.0,500,MCARTHUR,UNITED STATES,0,0,"COMMUNITY BANCSHARES, INC.",COMMUNITY BSHRS,1,FRS,OH
1070831,20171231,4,167403.0,647901.0,500,PARIS,UNITED STATES,0,0,"KENTUCKY BANCSHARES, INC.",KENTUCKY BSHRS INC,1,FRS,KY
1071191,20171231,4,163078.0,1442016.0,500,CANFIELD,UNITED STATES,0,0,FARMERS NATIONAL BANC CORP.,FARMERS NAT BC,1,FRS,OH
1071276,20171231,4,1662058.0,5232988.0,500,CINCINNATI,UNITED STATES,0,0,FIRST FINANCIAL BANCORP,FIRST FNCL BC,1,FRS,OH
1071306,20171231,4,1416771.0,4163934.0,500,INDIANA,UNITED STATES,0,0,FIRST COMMONWEALTH FINANCIAL CORPORATION,FIRST COMMONWEALTH FNCL CORP,1,FRS,PA
1071397,20171231,4,649750.0,4778141.0,500,INDIANA,UNITED STATES,0,0,"S&T BANCORP, INC.",S&T BC,1,FRS,PA
1073757,20171231,5,430965000.0,796560000.0,500,CHARLOTTE,UNITED STATES,0,9DJT3UXIJIZJI4WXO774,BANK OF AMERICA CORPORATION,BANK OF AMER CORP,1,FRS,NC
1074156,20171231,5,53767000.0,103604000.0,500,WINSTON-SALEM,UNITED STATES,0,549300DRQQI75D2JP341,BB&T CORPORATION,BB&T CORP,1,FRS,NC
1075612,20171231,5,11237375.0,18028900.0,500,RALEIGH,UNITED STATES,0,549300N3Z00ZHE2XC526,"FIRST CITIZENS BANCSHARES, INC.",FIRST CITIZENS BSHRS,1,FRS,NC
1075694,20171231,5,695830.0,1550199.0,500,MOUNT OLIVE,UNITED STATES,0,0,"SOUTHERN BANCSHARES (N.C.), INC.",SOUTHERN BSHRS NC,1,FRS,NC
1075881,20171231,5,158702.0,516869.0,500,KILMARNOCK,UNITED STATES,0,0,"CHESAPEAKE FINANCIAL SHARES, INC.",CHESAPEAKE FNCL SHARES,1,FRS,VA
1076217,20171231,5,4294724.0,9535904.0,500,CHARLESTON,UNITED STATES,0,0,"UNITED BANKSHARES, INC.",UNITED BSHRS,1,FRS,WV
1076262,20171231,5,665744.0,2648995.0,500,CHARLESTON,UNITED STATES,0,0,CITY HOLDING COMPANY,CITY HC,1,FRS,WV
1076431,20171231,5,1198819.0,3210797.0,500,SOUTHERN PINES,UNITED STATES,0,0,FIRST BANCORP,FIRST BC,1,FRS,NC
1076691,20171231,5,394344.0,1140382.0,500,DANVILLE,UNITED STATES,0,0,AMERICAN NATIONAL BANKSHARES INC.,AMERICAN NAT BSHRS,1,FRS,VA
1078529,20171231,6,21580629.0,47676260.0,500,HOUSTON,UNITED STATES,0,549300PVR24K1H0JRI53,"BBVA COMPASS BANCSHARES, INC.",BBVA COMPASS BSHRS,1,FRS,TX
1078846,20171231,6,7686339.0,18461561.0,500,COLUMBUS,UNITED STATES,0,549300EIUS8UN5JTLE54,SYNOVUS FINANCIAL CORP.,SYNOVUS FC,1,FRS,GA
1079562,20171231,6,2978074.0,7599438.0,500,JACKSON,UNITED STATES,0,5493000HPQ4D2RZ79739,TRUSTMARK CORPORATION,TRUSTMARK CORP,1,FRS,MS
1080595,20171231,6,155333.0,2478631.0,500,BRANDON,UNITED STATES,0,54930036RUVQH1EB9J90,"COMMUNITY BANCSHARES OF MISSISSIPPI, INC.",COMMUNITY BSHRS OF MS,1,FRS,MS
1081118,20171231,6,1125825.0,2741375.0,500,ATLANTA,UNITED STATES,0,0,FIDELITY SOUTHERN CORPORATION,FIDELITY SOUTHERN CORP,1,FRS,GA
1081239,20171231,6,381333.0,878184.0,500,WAUCHULA,UNITED STATES,0,0,CREWS BANKING CORPORATION,CREWS BKG CORP,1,FRS,FL
1081538,20171231,6,127668.0,269338.0,500,MOULTRIE,UNITED STATES,0,0,SOUTHWEST GEORGIA FINANCIAL CORPORATION,SOUTHWEST GA FC,1,FRS,GA
1081716,20171231,6,220159.0,614103.0,500,CHATTANOOGA,UNITED STATES,0,0,FIRST VOLUNTEER CORPORATION,FIRST VOLUNTEER CORP,1,FRS,TN
1082067,20171231,6,1777141.0,4848704.0,500,MOULTRIE,UNITED STATES,0,PBJHNT51T5V6G5UQFV42,AMERIS BANCORP,AMERIS BC,1,FRS,GA
1082209,20171231,6,281888.0,975691.0,500,SHEFFIELD,UNITED STATES,0,0,"BANCINDEPENDENT, INCORPORATED",BANCINDEPENDENT,1,FRS,AL
1082777,20171231,6,163345.0,1039789.0,500,BARNESVILLE,UNITED STATES,0,0,UNITED BANK CORPORATION,UNITED BC,1,FRS,GA
1083475,20171231,6,159291.0,561394.0,500,PHILADELPHIA,UNITED STATES,0,0,CITIZENS HOLDING COMPANY,CITIZENS HC,1,FRS,MS
1083783,20171231,6,192868.0,1013681.0,500,COLUMBIA,UNITED STATES,0,0,FIRST FARMERS AND MERCHANTS CORPORATION,FIRST FARMERS & MRCH CORP,1,FRS,TN
1085013,20171231,6,1409971.0,3182749.0,500,STUART,UNITED STATES,0,0,SEACOAST BANKING CORPORATION OF FLORIDA,SEACOAST BKG CORP OF FL,1,FRS,FL
1085170,20171231,6,48057.0,1019929.0,500,FITZGERALD,UNITED STATES,0,0,"COLONY BANKCORP, INC.",COLONY BC,1,FRS,GA
1085509,20171231,6,884400.0,1590566.0,500,TALLAHASSEE,UNITED STATES,0,0,"CAPITAL CITY BANK GROUP, INC.",CAPITAL CITY BK GRP,1,FRS,FL
1086131,20171231,6,401088.0,656.0,500,BATON ROUGE,UNITED STATES,0,0,"FIRST NATIONAL BANKERS BANKSHARES, INC.",FIRST NAT BKR BSHRS,1,FRS,LA
1086533,20171231,6,8328546.0,13945705.0,500,GULFPORT,UNITED STATES,0,549300GRNBWY8HIICT41,HANCOCK HOLDING COMPANY,HANCOCK HC,1,FRS,MS
1086654,20171231,6,416547.0,1063142.0,500,LAFAYETTE,UNITED STATES,0,0,"MIDSOUTH BANCORP, INC.",MIDSOUTH BC,1,FRS,LA
1090987,20171231,4,6381512.0,8576866.0,500,CHICAGO,UNITED STATES,0,0,"MB FINANCIAL, INC.",MB FNCL,1,FRS,IL
1094314,20171231,8,3164308.0,6730450.0,500,JEFFERSON CITY,UNITED STATES,0,0,"CENTRAL BANCOMPANY, INC",CENTRAL BANCOMPANY INC,1,FRS,MO
1094640,20171231,8,8032396.0,22590626.0,500,MEMPHIS,UNITED STATES,0,TF3RXI1ZB1TQ30H9JV10,FIRST HORIZON NATIONAL CORPORATION,FIRST HORIZON NAT CORP,1,FRS,TN
1094828,20171231,8,1635697.0,9458959.0,500,PINE BLUFF,UNITED STATES,0,0,SIMMONS FIRST NATIONAL CORPORATION,SIMMONS FIRST NAT CORP,1,FRS,AR
1095674,20171231,8,2212771.0,12146501.0,500,BENTONVILLE,UNITED STATES,0,PW6XHTL8UAL7DB8VUQ11,"ARVEST BANK GROUP, INC.",ARVEST BK GRP,1,FRS,AR
1096484,20171231,8,34748.0,851924.0,500,INDIANOLA,UNITED STATES,0,0,PLANTERS HOLDING COMPANY,PLANTERS HOLDING COMPANY,1,FRS,MS
1096505,20171231,8,782328.0,3118684.0,500,SEARCY,UNITED STATES,0,0,FIRST SECURITY BANCORP,FIRST SECURITY BANCORP,1,FRS,AR
1097025,20171231,8,1022042.0,2411116.0,500,LOUISVILLE,UNITED STATES,0,0,"REPUBLIC BANCORP, INC.",REPUBLIC BANCORP,1,FRS,KY
1097182,20171231,7,452694.0,1651888.0,500,CHATHAM,UNITED STATES,0,0,"UNITED COMMUNITY BANCORP, INC.",UNITED CMNTY BC,1,FRS,IL
1097306,20171231,8,609680.0,1510625.0,500,RIDGELAND,UNITED STATES,0,0,BANCPLUS CORPORATION,BANCPLUS CORP,1,FRS,MS
1097566,20171231,8,124569.0,450883.0,500,SHELBYVILLE,UNITED STATES,0,0,"CITIZENS UNION BANCORP OF SHELBYVILLE, INC.",CITIZENS UNION BANCORP,1,FRS,KY
1097771,20171231,8,151750.0,777619.0,500,GREENWOOD,UNITED STATES,0,0,STATE CAPITAL CORPORATION,STATE CAPITAL CORP,1,FRS,MS
1098303,20171231,8,1250883.0,11354940.0,500,EVANSVILLE,UNITED STATES,0,549300MMK90CL5KMVX16,OLD NATIONAL BANCORP,OLD NAT BC,1,FRS,IN
1098620,20171231,8,606134.0,1877918.0,500,JASPER,UNITED STATES,0,0,"GERMAN AMERICAN BANCORP, INC.",GERMAN AMER BC,1,FRS,IN
1098648,20171231,8,281541.0,396547.0,500,DES PERES,UNITED STATES,0,0,"CASS INFORMATION SYSTEMS, INC.",CASS INFO SYS,1,FRS,MO
1098732,20171231,8,361855.0,1018048.0,500,FRANKFORT,UNITED STATES,0,0,FARMERS CAPITAL BANK CORPORATION,FARMERS CAPITAL BK CORP,1,FRS,KY
1098796,20171231,8,237747.0,1122564.0,500,DYERSBURG,UNITED STATES,0,0,"FIRST CITIZENS BANCSHARES, INC.",FIRST CITIZENS BSHRS,1,FRS,TN
1098844,20171231,8,1840424.0,6080651.0,500,TUPELO,UNITED STATES,0,549300OVE6OZHW2UUH81,RENASANT CORPORATION,RENASANT CORP,1,FRS,MS
1099917,20171231,8,363115.0,1621027.0,500,FARMINGTON,UNITED STATES,0,0,"FIRST STATE BANCSHARES, INC.",FIRST ST BSHRS,1,FRS,MO
1100813,20171231,11,380169.0,539612.0,500,GEORGETOWN,UNITED STATES,0,0,"FIRST TEXAS BANCORP, INC.",FIRST TX BC,1,FRS,TX
1102312,20171231,11,2041650.0,3921311.0,500,ABILENE,UNITED STATES,0,549300XN3GTGOENGNV49,"FIRST FINANCIAL BANKSHARES, INC.",FIRST FNCL BSHRS,1,FRS,TX
1102367,20171231,11,11259720.0,15675179.0,500,SAN ANTONIO,UNITED STATES,0,0,"CULLEN/FROST BANKERS, INC.",CULLEN/FROST BKR,1,FRS,TX
1102451,20171231,11,187500.0,998367.0,500,UVALDE,UNITED STATES,0,0,"BRISCOE RANCH, INC.",BRISCOE RANCH,1,FRS,TX
1103766,20171231,11,694408.0,1476217.0,500,LONGVIEW,UNITED STATES,0,0,LONGVIEW FINANCIAL CORPORATION,LONGVIEW FC,1,FRS,TX
1103878,20171231,11,383669.0,560679.0,500,TEXAS CITY,UNITED STATES,0,0,"TEXAS INDEPENDENT BANCSHARES, INC.",TEXAS INDEPENDENT BSHRS,1,FRS,TX
1104231,20171231,11,3243256.0,5301638.0,500,LAREDO,UNITED STATES,0,549300Y16R531AU8TX77,INTERNATIONAL BANCSHARES CORPORATION,INTERNATIONAL BSHRS CORP,1,FRS,TX
1104923,20171231,11,331741.0,789028.0,500,WACO,UNITED STATES,0,0,EXTRACO CORPORATION,EXTRACO CORP,1,FRS,TX
1106879,20171231,11,932798.0,2075081.0,500,SAN ANTONIO,UNITED STATES,0,0,"BROADWAY BANCSHARES, INC.",BROADWAY BSHRS,1,FRS,TX
1107205,20171231,11,421670.0,2864958.0,500,AMARILLO,UNITED STATES,0,0,"AMARILLO NATIONAL BANCORP, INC.",AMARILLO NAT BC,1,FRS,TX
1107522,20171231,11,352626.0,536435.0,500,GALVESTON,UNITED STATES,0,0,"MOODY BANCSHARES, INC.",MOODY BSHRS,1,FRS,TX
1108097,20171231,11,1074301.0,594699.0,500,KILLEEN,UNITED STATES,0,0,"FIRST COMMUNITY BANCSHARES, INC.",FIRST CMNTY BSHRS,1,FRS,TX
1108163,20171231,11,307863.0,793312.0,500,DIMMITT,UNITED STATES,0,0,"PLAINS BANCORP, INC.",PLAINS BC,1,FRS,TX
1108350,20171231,11,529781.0,907150.0,500,JACKSONVILLE,UNITED STATES,0,0,"AUSTIN BANCORP, INC.",AUSTIN BC,1,FRS,TX
1108707,20171231,11,290741.0,575528.0,500,PERRYTON,UNITED STATES,0,549300SXT5ZEGZA5ES98,"FIRSTPERRYTON BANCORP, INC.",FIRSTPERRYTON BC,1,FRS,TX
1108967,20171231,11,270866.0,562531.0,500,ARTESIA,UNITED STATES,0,0,"FIRST ARTESIA BANCSHARES, INC.",FIRST ARTESIA BSHRS,1,FRS,NM
1109094,20171231,11,453868.0,1503575.0,500,FARMERS BRANCH,UNITED STATES,0,0,INDEPENDENT BANKERS FINANCIAL CORPORATION,INDEPENDENT BKR FC,1,FRS,TX
1109290,20171231,11,439523.0,1126197.0,500,SAN ANTONIO,UNITED STATES,0,5493009HVWSAHN85QL37,"JEFFERSON BANCSHARES, INC.",JEFFERSON BSHRS,1,FRS,TX
1109599,20171231,11,5637130.0,12198031.0,500,HOUSTON,UNITED STATES,0,0,"PROSPERITY BANCSHARES, INC.",PROSPERITY BSHRS,1,FRS,TX
1109834,20171231,11,553993.0,516303.0,500,MIDLAND,UNITED STATES,0,0,"FIRST WEST TEXAS BANCSHARES, INC.",FIRST WEST TX BSHRS,1,FRS,TX
1109964,20171231,11,241120.0,1024453.0,500,CORPUS CHRISTI,UNITED STATES,0,0,AMERICAN BANK HOLDING CORPORATION,AMERICAN BK HOLDING CORP,1,FRS,TX
1111088,20171231,1,736020.0,3180946.0,500,MEDFORD,UNITED STATES,0,0,"CENTURY BANCORP, INC.",CENTURY BC,1,FRS,MA
1111435,20171231,1,46493469.0,50139286.0,500,BOSTON,UNITED STATES,0,549300ZFEEJ2IP5VME73,STATE STREET CORPORATION,STATE STREET CORP,1,FRS,MA
1115013,20171231,1,493613.0,1281787.0,500,CAMBRIDGE,UNITED STATES,0,0,CAMBRIDGE BANCORP,CAMBRIDGE BC,1,FRS,MA
1115349,20171231,1,578448.0,2664296.0,500,WESTERLY,UNITED STATES,0,J66MZFCNJPP3PERHZW54,"WASHINGTON TRUST BANCORP, INC.",WASHINGTON TR BC,1,FRS,RI
1115385,20171231,1,105165.0,2247184.0,500,BAR HARBOR,UNITED STATES,0,0,BAR HARBOR BANKSHARES,BAR HARBOR BSHRS,1,FRS,ME
1116609,20171231,3,107585.0,3447334.0,500,SOUDERTON,UNITED STATES,0,0,UNIVEST CORPORATION OF PENNSYLVANIA,UNIVEST CORP OF PA,1,FRS,PA
1117129,20171231,3,4437294.0,11360238.0,500,LANCASTER,UNITED STATES,0,0,FULTON FINANCIAL CORPORATION,FULTON FNCL CORP,1,FRS,PA
1117316,20171231,3,183603.0,764342.0,500,JOHNSTOWN,UNITED STATES,0,0,"AMERISERV FINANCIAL, INC",AMERISERV FNCL,1,FRS,PA
1117455,20171231,3,176815.0,684714.0,500,DOWNINGTOWN,UNITED STATES,0,0,DNB FINANCIAL CORPORATION,DNB FNCL CORP,1,FRS,PA
1117464,20171231,3,54138.0,1244354.0,500,GETTYSBURG,UNITED STATES,0,0,ACNB CORPORATION,ACNB CORP,1,FRS,PA
1117688,20171231,3,303316.0,843004.0,500,WILLIAMSPORT,UNITED STATES,0,0,"PENNS WOODS BANCORP, INC.",PENNS WOODS BC,1,FRS,PA
1118238,20171231,3,196853.0,850328.0,500,CHAMBERSBURG,UNITED STATES,0,0,FRANKLIN FINANCIAL SERVICES CORPORATION,FRANKLIN FNCL SVC CORP,1,FRS,PA
1118265,20171231,3,121819.0,656731.0,500,BERWICK,UNITED STATES,0,0,FIRST KEYSTONE CORPORATION,FIRST KEYSTONE CORP,1,FRS,PA
1118340,20171231,3,321858.0,1845957.0,500,CLEARFIELD,UNITED STATES,0,0,CNB FINANCIAL CORPORATION,CNB FC,1,FRS,PA
1118368,20171231,3,171840.0,933103.0,500,MANSFIELD,UNITED STATES,0,0,"CITIZENS FINANCIAL SERVICES, INC.",CITIZENS FNCL SVC,1,FRS,PA
1118434,20171231,3,129212.0,864736.0,500,QUAKERTOWN,UNITED STATES,0,0,QNB CORP.,QNB CORP,1,FRS,PA
1118797,20171231,8,1596951.0,3651938.0,500,CREVE COEUR,UNITED STATES,0,0,"FIRST BANKS, INC.",FIRST BKS,1,FRS,MO
1118854,20171231,8,210775.0,1437657.0,500,OWENSBORO,UNITED STATES,0,0,"INDEPENDENCE BANCSHARES, INC.",INDEPENDENCE BSHRS,1,FRS,KY
1119383,20171231,8,61560.0,987416.0,500,PARAGOULD,UNITED STATES,0,0,"FIRST PARAGOULD BANKSHARES, INC.",FIRST PARAGOULD BSHRS,1,FRS,AR
1119404,20171231,8,184616.0,656409.0,500,IRVINGTON,UNITED STATES,0,0,"FIRST BRECKINRIDGE BANCSHARES, INC.",FIRST BRECKINRIDGE BSHRS,1,FRS,KY
1119794,20171231,9,87258000.0,234658000.0,500,MINNEAPOLIS,UNITED STATES,0,N1GZ7BBF3NP8GI976H15,U.S. BANCORP,U S BC,1,FRS,MN
1120754,20171231,12,373102000.0,834226000.0,500,SAN FRANCISCO,UNITED STATES,0,PBLD0EJDB5FWOLXP3B76,WELLS FARGO & COMPANY,WELLS FARGO & CO,1,FRS,CA
1121229,20171231,9,279667.0,1793229.0,500,ABERDEEN,UNITED STATES,0,0,"DACOTAH BANKS, INC.",DACOTAH BKS,1,FRS,SD
1123072,20171231,9,459020.0,1809976.0,500,BROOKINGS,UNITED STATES,0,549300ZWTLH2V53Q1Z56,FISHBACK FINANCIAL CORPORATION,FISHBACK FC,1,FRS,SD
1123670,20171231,9,2900041.0,7034829.0,500,BILLINGS,UNITED STATES,0,0,"FIRST INTERSTATE BANCSYSTEM, INC.",FIRST INTRST BANCSYSTEM,1,FRS,MT
1123915,20171231,9,406347.0,1286493.0,500,CHASKA,UNITED STATES,0,0,"KLEIN FINANCIAL, INC.",KLEIN FNCL,1,FRS,MN
1123933,20171231,9,148079.0,669920.0,500,MANISTIQUE,UNITED STATES,0,0,MACKINAC FINANCIAL CORPORATION,MACKINAC FC,1,FRS,MI
1125030,20171231,9,207744.0,892350.0,500,FARGO,UNITED STATES,0,0,"CHOICE FINANCIAL HOLDINGS, INC.",CHOICE FNCL HOLD,1,FRS,ND
1126046,20171231,9,746409.0,1776816.0,500,MILES CITY,UNITED STATES,0,0,STOCKMAN FINANCIAL CORPORATION,STOCKMAN FC,1,FRS,MT
1126354,20171231,9,365475.0,576613.0,500,SIOUX FALLS,UNITED STATES,0,549300F5C4INIKRH1J66,"MINNEHAHA BANSHARES, INC.",MINNEHAHA BSHRS,1,FRS,SD
1126729,20171231,9,204069.0,819937.0,500,BISMARCK,UNITED STATES,0,549300LZ5ODQKQUE5F84,STARION BANCORPORATION,STARION BC,1,FRS,ND
1127650,20171231,9,133982.0,753018.0,500,MINOT,UNITED STATES,0,0,"WESTBRAND, INC.",WESTBRAND,1,FRS,ND
1128358,20171231,9,375900.0,1093414.0,500,ARDEN HILLS,UNITED STATES,0,0,FRANDSEN FINANCIAL CORPORATION,FRANDSEN FC,1,FRS,MN
1128769,20171231,9,332148.0,1067604.0,500,WINONA,UNITED STATES,0,549300VNLF4XVDZXUQ37,"MERCHANTS FINANCIAL GROUP, INC.",MERCHANTS FNCL GROUP,1,FRS,MN
1129382,20171231,2,7600000.0,27524000.0,500,SAN JUAN,PUERTO RICO,0,0,"POPULAR, INC.",POPULAR,1,FRS,PR
1129533,20171231,6,193086.0,563742.0,500,AUBURN,UNITED STATES,0,0,"AUBURN NATIONAL BANCORPORATION, INC.",AUBURN NBC,1,FRS,AL
1130098,20171231,7,124353.0,979058.0,500,BELVIDERE,UNITED STATES,0,0,"ALPINE BANCORPORATION, INC.",ALPINE BC,1,FRS,IL
1130249,20171231,1,478643.0,2521848.0,500,CAMDEN,UNITED STATES,0,549300ZVEDL2L8UW4F28,CAMDEN NATIONAL CORPORATION,CAMDEN NAT CORP,1,FRS,ME
1130584,20171231,10,566180.0,1903230.0,500,CLAREMORE,UNITED STATES,0,0,"RCB HOLDING COMPANY, INC.",RCB HC,1,FRS,OK
1131497,20171231,6,239938.0,1200429.0,500,KNOXVILLE,UNITED STATES,0,0,"SMARTFINANCIAL, INC.",SMARTFINANCIAL,1,FRS,TN
1131787,20171231,6,40161933.0,120638041.0,500,ATLANTA,UNITED STATES,0,0,"SUNTRUST BANKS, INC.",SUNTRUST BK,1,FRS,GA
1132104,20171231,6,888200.0,2776195.0,500,NASHVILLE,UNITED STATES,0,0,FB FINANCIAL CORPORATION,FB FC,1,FRS,TN
1132449,20171231,1,29835204.0,85172409.0,500,PROVIDENCE,UNITED STATES,0,0,"CITIZENS FINANCIAL GROUP, INC.",CITIZENS FNCL GRP,1,FRS,RI
1132672,20171231,5,249593.0,791677.0,500,OAKLAND,UNITED STATES,0,549300G54QPXQLB4KN58,FIRST UNITED CORPORATION,FIRST UNITED CORP,1,FRS,MD
1133286,20171231,10,2550150.0,3864895.0,500,OKLAHOMA CITY,UNITED STATES,0,549300EJEHGBP4IO2J30,BANCFIRST CORPORATION,BANCFIRST CORP,1,FRS,OK
1133437,20171231,5,3047431.0,8485335.0,500,COLUMBIA,UNITED STATES,0,0,SOUTH STATE CORPORATION,SOUTH ST CORP,1,FRS,SC
1133503,20171231,2,539442.0,1599452.0,500,CANANDAIGUA,UNITED STATES,0,549300ZMWSV3XTQGUA75,CANANDAIGUA NATIONAL CORPORATION,CANANDAIGUA NAT CORP,1,FRS,NY
1133594,20171231,2,467645.0,999835.0,500,ELMIRA,UNITED STATES,0,0,CHEMUNG FINANCIAL CORPORATION,CHEMUNG FC,1,FRS,NY
1133781,20171231,9,324132.0,1184804.0,500,DICKINSON,UNITED STATES,0,0,"AMERICAN BANCOR, LTD.",AMERICAN BC,1,FRS,ND
1133932,20171231,1,145730.0,1274108.0,500,DAMARISCOTTA,UNITED STATES,0,0,"FIRST BANCORP, INC., THE",FIRST BC,1,FRS,ME
1134108,20171231,5,232361.0,693731.0,500,CONWAY,UNITED STATES,0,0,CNB CORPORATION,CNB CORP,1,FRS,SC
1134498,20171231,11,899733.0,1388589.0,500,DALLAS,UNITED STATES,0,0,"INWOOD BANCSHARES, INC.",INWOOD BSHRS,1,FRS,TX
1134630,20171231,4,199114.0,720226.0,500,ARCHBOLD,UNITED STATES,0,0,"FARMERS & MERCHANTS BANCORP, INC.",FARMERS & MRCH BC,1,FRS,OH
1134694,20171231,7,281760.0,1088322.0,500,DUBUQUE,UNITED STATES,0,0,ATBANCORP,ATBANCORP,1,FRS,IA
1135002,20171231,6,278259.0,678554.0,500,KINGSPORT,UNITED STATES,0,0,BANCTENN CORP.,BANCTENN CORP,1,FRS,TN
1135048,20171231,9,359578.0,1835767.0,500,WATFORD CITY,UNITED STATES,0,0,"WATFORD CITY BANCSHARES, INC.",WATFORD CITY BSHRS,1,FRS,ND
1135413,20171231,8,157027.0,1060253.0,500,MAGNOLIA,UNITED STATES,0,0,MAGNOLIA BANKING CORPORATION,MAGNOLIA BKG CORP,1,FRS,AR
1135824,20171231,10,421470.0,1012220.0,500,WICHITA,UNITED STATES,0,VW8LTKRYE8933OSHYO35,EMPRISE FINANCIAL CORPORATION,EMPRISE FC,1,FRS,KS
1135972,20171231,6,897170.0,5427263.0,500,CORAL GABLES,UNITED STATES,0,0,MERCANTIL BANK HOLDING CORPORATION,MERCANTIL BHC,1,FRS,FL
1136661,20171231,6,122473.0,3070215.0,500,MIAMI,UNITED STATES,0,0,"OCEAN BANKSHARES, INC.",OCEAN BSHRS,1,FRS,FL
1136803,20171231,1,2226672.0,4504781.0,500,ROCKLAND,UNITED STATES,0,0,INDEPENDENT BANK CORP.,INDEPENDENT BC,1,FRS,MA
1137453,20171231,7,137658.0,823962.0,500,WINNEBAGO,UNITED STATES,0,0,"FORESIGHT FINANCIAL GROUP, INC.",FORESIGHT FNCL GRP,1,FRS,IL
1137770,20171231,11,242438.0,4621360.0,500,THE WOODLANDS,UNITED STATES,0,549300PK7P99LXNJNK46,"WOODFOREST FINANCIAL GROUP, INC.",WOODFOREST FNCL GRP,1,FRS,TX
1138919,20171231,12,39224.0,1190971.0,500,SANTA BARBARA,UNITED STATES,0,0,MONTECITO BANCORP,MONTECITO BC,1,FRS,CA
1139103,20171231,9,607205.0,269461.0,500,SAINT PAUL,UNITED STATES,0,549300FG9EK12UZY4V32,"UNIVERSITY FINANCIAL CORP, GBC DBA SUNRISE BANKS",DBA SUNRISE BKS,1,FRS,MN
1139242,20171231,3,397174.0,1253261.0,500,MOUNT LAUREL,UNITED STATES,0,5493007HC22SSYIGKJ83,"SUN BANCORP, INC",SUN BC,1,FRS,NJ
1139279,20171231,2,2286892.0,4883744.0,500,NORWICH,UNITED STATES,0,0,NBT BANCORP INC.,NBT BC,1,FRS,NY
1139363,20171231,10,46794.0,1492295.0,500,MANHATTAN,UNITED STATES,0,0,MANHATTAN BANKING CORPORATION,MANHATTAN BC,1,FRS,KS
1139532,20171231,7,70024.0,408609.0,500,WAUKESHA,UNITED STATES,0,0,"CIB MARINE BANCSHARES, INC.",CIB MARINE BSHRS,1,FRS,WI
1139541,20171231,3,381117.0,1337901.0,500,SCRANTON,UNITED STATES,0,0,PEOPLES FINANCIAL SERVICES CORPORATION,PEOPLES FS CORP,1,FRS,PA
1139925,20171231,5,182511.0,877223.0,500,BLACKSBURG,UNITED STATES,0,549300Q745S62Q6QNW78,"NATIONAL BANKSHARES, INC.",NATIONAL BSHRS,1,FRS,VA
1140239,20171231,6,133516.0,563082.0,500,LAFAYETTE,UNITED STATES,0,0,"CITIZENS BANCORP INVESTMENT, INC.",CITIZENS BC INV,1,FRS,TN
1140994,20171231,3,299590.0,3074215.0,500,BRYN MAWR,UNITED STATES,0,4NOIGQXI7NPP6IUQF087,BRYN MAWR BANK CORPORATION,BRYN MAWR BK CORP,1,FRS,PA
1141348,20171231,9,319342.0,1163798.0,500,MINNETONKA,UNITED STATES,0,0,MINNWEST CORPORATION,MINNWEST CORP,1,FRS,MN
1141647,20171231,7,618782.0,988030.0,500,FORT WAYNE,UNITED STATES,0,0,"STAR FINANCIAL GROUP, INC.",STAR FNCL GRP,1,FRS,IN
1142309,20171231,8,195365.0,20347.0,500,JEFFERSON CITY,UNITED STATES,0,0,"MIDWEST INDEPENDENT BANCSHARES, INC.",MIDWEST INDEP BSHRS,1,FRS,MO
1142336,20171231,4,1633941.0,4183385.0,500,NEWARK,UNITED STATES,0,0,PARK NATIONAL CORPORATION,PARK NAT CORP,1,FRS,OH
1142475,20171231,3,248929.0,1137642.0,500,YORK,UNITED STATES,0,0,"CODORUS VALLEY BANCORP, INC.",CODORUS VALLEY BC,1,FRS,PA
1143623,20171231,3,241214.0,767235.0,500,WELLSBORO,UNITED STATES,0,0,CITIZENS & NORTHERN CORPORATION,CITIZENS & NORTHERN CORP,1,FRS,PA
1145476,20171231,1,4281788.0,16634476.0,500,WATERBURY,UNITED STATES,0,KMRURHT0VWKYS6Z5KU67,WEBSTER FINANCIAL CORPORATION,WEBSTER FNCL CORP,1,FRS,CT
1199563,20171231,7,5478416.0,17307546.0,500,GREEN BAY,UNITED STATES,0,549300N3CIN473IW5094,ASSOCIATED BANC-CORP,ASSOCIATED BANC-CORP,1,FRS,WI
1199602,20171231,7,1064271.0,3688459.0,500,SOUTH BEND,UNITED STATES,0,0,1ST SOURCE CORPORATION,1ST SOURCE CORP,1,FRS,IN
1199611,20171231,7,18712233.0,18127612.0,500,CHICAGO,UNITED STATES,0,549300GLF98S992BC502,NORTHERN TRUST CORPORATION,NORTHERN TR CORP,1,FRS,IL
1199844,20171231,11,31922322.0,25597476.0,500,DALLAS,UNITED STATES,0,I9Q57JVPWHHZ3ZGBW498,COMERICA INCORPORATED,COMERICA,1,FRS,TX
1199974,20171231,7,757478.0,1743539.0,500,ELK GROVE VILLAGE,UNITED STATES,0,0,FIRST AMERICAN BANK CORPORATION,FIRST AMER BK CORP,1,FRS,IL
1200311,20171231,7,151765.0,734429.0,500,MAQUOKETA,UNITED STATES,0,0,"OHNWARD BANCSHARES, INC.",OHNWARD BSHRS,1,FRS,IA
1200348,20171231,7,314756.0,805071.0,500,DAKOTA DUNES,UNITED STATES,0,0,SECURITY NATIONAL CORPORATION,SECURITY NAT CORP,1,FRS,SD
1200692,20171231,7,92122.0,1995009.0,500,HARWOOD HEIGHTS,UNITED STATES,0,0,"PARKWAY BANCORP, INC.",PARKWAY BC,1,FRS,IL
1200852,20171231,7,70546.0,126362.0,500,WEST DES MOINES,UNITED STATES,0,0,"HY-VEE, INC.",HY-VEE,1,FRS,IA
1201112,20171231,7,263578.0,854115.0,500,GLENVIEW,UNITED STATES,0,0,CUMMINS-AMERICAN CORP.,CUMMINS-AMER CORP,1,FRS,IL
1201194,20171231,7,389470.0,1187408.0,500,OAK BROOK,UNITED STATES,0,0,REPUBLIC BANCORP CO.,REPUBLIC BC CO,1,FRS,IL
1201457,20171231,7,124763.0,831734.0,500,SIOUX CENTER,UNITED STATES,0,5493003ZC7SKISBA2026,"AMBANK COMPANY, INC.",AMBANK CO,1,FRS,IA
1201671,20171231,7,1123470.0,2303468.0,500,DES MOINES,UNITED STATES,0,0,BTC FINANCIAL CORPORATION,BTC FC,1,FRS,IA
1201925,20171231,7,789578.0,1619772.0,500,GRAND RAPIDS,UNITED STATES,0,0,INDEPENDENT BANK CORPORATION,INDEPENDENT BK CORP,1,FRS,MI
1201934,20171231,7,3725779.0,9917024.0,500,MIDLAND,UNITED STATES,0,0,CHEMICAL FINANCIAL CORPORATION,CHEMICAL FC,1,FRS,MI
1202052,20171231,7,283412.0,1147334.0,500,FOND DU LAC,UNITED STATES,0,0,NEB CORPORATION,NEB CORP,1,FRS,WI
1202258,20171231,7,227341.0,906959.0,500,AMES,UNITED STATES,0,0,AMES NATIONAL CORPORATION,AMES NAT CORP,1,FRS,IA
1202762,20171231,7,283838.0,808357.0,500,WEST DES MOINES,UNITED STATES,0,0,BANK IOWA CORPORATION,BANK IA CORP,1,FRS,IA
1203509,20171231,7,134558.0,910206.0,500,MASON CITY,UNITED STATES,0,0,FIRST CITIZENS FINANCIAL CORP.,FIRST CITIZENS FNCL CORP,1,FRS,IA
1203602,20171231,7,1597421.0,4528544.0,500,CHAMPAIGN,UNITED STATES,0,549300X4ZNLYSX7GUY60,FIRST BUSEY CORPORATION,FIRST BUSEY CORP,1,FRS,IL
1203899,20171231,7,105119.0,650001.0,500,MUSCATINE,UNITED STATES,0,0,"CENTRAL BANCSHARES, INC.",CENTRAL BSHRS,1,FRS,IA
1203974,20171231,7,290275.0,976777.0,500,OAK CREEK,UNITED STATES,0,0,TRI CITY BANKSHARES CORPORATION,TRI CITY BSHRS CORP,1,FRS,WI
1204560,20171231,7,744057.0,2432216.0,500,MERRILLVILLE,UNITED STATES,0,549300EPPYR62TF65C76,"FIRST BANCSHARES, INC.",FIRST BSHRS,1,FRS,IN
1204627,20171231,7,760887.0,1682442.0,500,CHICAGO,UNITED STATES,0,549300W7ODP4YL2H4823,"BYLINE BANCORP, INC.",BYLINE BC,1,FRS,IL
1205183,20171231,7,200935.0,970852.0,500,IDA GROVE,UNITED STATES,0,0,"IDA GROVE BANCSHARES, INC.",IDA GROVE BSHRS,1,FRS,IA
1205398,20171231,7,132231.0,1223607.0,500,HIGHLAND PARK,UNITED STATES,0,0,BANK OF HIGHLAND PARK FINANCIAL CORP,BANK OF HIGHLAND PK FNCL CORP,1,FRS,IL
1206313,20171231,7,57702.0,935443.0,500,EAST LANSING,UNITED STATES,0,0,"FIRST NATIONAL BANCSHARES, INC.",FIRST NAT BSHRS,1,FRS,MI
1206546,20171231,7,2983128.0,5163781.0,500,DUBUQUE,UNITED STATES,0,549300QF7B0DFZT32C73,"HEARTLAND FINANCIAL USA, INC.",HEARTLAND FNCL USA,1,FRS,IA
1206760,20171231,7,480283.0,1794356.0,500,MATTOON,UNITED STATES,0,0,"FIRST MID-ILLINOIS BANCSHARES, INC.",FIRST MID-IL BSHRS,1,FRS,IL
1206911,20171231,7,572404.0,1350521.0,500,AURORA,UNITED STATES,0,549300XVJC1MPUT81C04,"OLD SECOND BANCORP, INC.",OLD SECOND BC,1,FRS,IL
1207431,20171231,7,170340.0,520553.0,500,FORT DODGE,UNITED STATES,0,254900OBQ13SDBYUNS44,"STARK BANK GROUP, LTD.",STARK BK GRP,1,FRS,IA
1207486,20171231,7,246570.0,1072225.0,500,CHICAGO,UNITED STATES,0,0,MARQUETTE NATIONAL CORPORATION,MARQUETTE NAT CORP,1,FRS,IL
1208009,20171231,7,436638.0,1070004.0,500,MANITOWOC,UNITED STATES,0,0,BANK FIRST NATIONAL CORPORATION,BANK FIRST NAT CORP,1,FRS,WI
1208120,20171231,7,629963.0,1918768.0,500,BLOOMINGTON,UNITED STATES,0,0,"HEARTLAND BANCORP, INC.",HEARTLAND BC,1,FRS,IL
1208184,20171231,7,3576190.0,7477135.0,500,ITASCA,UNITED STATES,0,0,"FIRST MIDWEST BANCORP, INC.",FIRST MW BC,1,FRS,IL
1208559,20171231,7,1762723.0,5410977.0,500,MUNCIE,UNITED STATES,0,TZTBT0OTGQ2FEK6XMX94,FIRST MERCHANTS CORPORATION,FIRST MRCHS CORP,1,FRS,IN
1208595,20171231,7,425125.0,2033526.0,500,TERRE HAUTE,UNITED STATES,0,0,FIRST FINANCIAL CORPORATION,FIRST FC,1,FRS,IN
1208906,20171231,7,885622.0,3123033.0,500,WARSAW,UNITED STATES,0,0,LAKELAND FINANCIAL CORPORATION,LAKELAND FC,1,FRS,IN
1209042,20171231,7,238173.0,732353.0,500,BELOIT,UNITED STATES,0,0,"CENTRE 1 BANCORP, INC.",CENTRE 1 BC,1,FRS,WI
1209109,20171231,7,868384.0,2639219.0,500,GREENSBURG,UNITED STATES,0,0,"MAINSOURCE FINANCIAL GROUP, INC.",MAINSOURCE FNCL GRP,1,FRS,IN
1209136,20171231,7,601805.0,2279198.0,500,MICHIGAN CITY,UNITED STATES,0,549300U2OQ2EIT5MXG39,"HORIZON BANCORP, INC.",HORIZON BC,1,FRS,IN
1209145,20171231,7,151638.0,836180.0,500,BRIDGEVIEW,UNITED STATES,0,0,"BRIDGEVIEW BANCORP, INC.",BRIDGEVIEW BC,1,FRS,IL
1209426,20171231,7,178991.0,907397.0,500,WAUSAU,UNITED STATES,0,0,"RIVER VALLEY BANCORPORATION, INC.",RIVER VALLEY BC,1,FRS,WI
1210066,20171231,7,395888.0,1414925.0,500,WEST DES MOINES,UNITED STATES,0,549300GKFOINCHIYU666,"WEST BANCORPORATION, INC.",WEST BC,1,FRS,IA
1210169,20171231,7,146034.0,728659.0,500,REINBECK,UNITED STATES,0,0,LINCOLN BANCORP,LINCOLN BC,1,FRS,IA
1245068,20171231,11,1037401.0,3478046.0,500,TYLER,UNITED STATES,0,549300TC83207VQA2K65,"SOUTHSIDE BANCSHARES, INC.",SOUTHSIDE BSHRS,1,FRS,TX
1245228,20171231,7,461918.0,2143401.0,500,IOWA CITY,UNITED STATES,0,0,"MIDWESTONE FINANCIAL GROUP, INC.",MIDWESTONE FNCL GRP,1,FRS,IA
1245291,20171231,7,364325.0,1924748.0,500,HILLS,UNITED STATES,0,0,HILLS BANCORPORATION,HILLS BC,1,FRS,IA
1245415,20171231,7,29702111.0,49629212.0,500,WILMINGTON,UNITED STATES,0,H0XK735LRK7LZM6JH557,BMO FINANCIAL CORP.,BMO FNCL CORP,1,FRS,DE
1245620,20171231,2,2013454.0,2954206.0,500,NEW YORK,UNITED STATES,0,0,BANK LEUMI LE-ISRAEL CORPORATION,BANK LEUMI LE-ISRAEL CORP,1,FRS,NY
1245705,20171231,7,234579.0,1783072.0,500,LOMBARD,UNITED STATES,0,0,"WEST SUBURBAN BANCORP, INC.",WEST SUBURBAN BC,1,FRS,IL
1246159,20171231,2,196425.0,2555880.0,500,WOODBRIDGE,UNITED STATES,0,0,"BESSEMER GROUP, INCORPORATED, THE",BESSEMER GRP,1,FRS,NJ
1246467,20171231,6,661283.0,779701.0,500,TAMPA,UNITED STATES,0,0,TAMPA BAY BANKING COMPANY,TAMPA BAY BKG CO,1,FRS,FL
1246533,20171231,4,361964.0,842959.0,500,SANDUSKY,UNITED STATES,0,0,"CIVISTA BANCSHARES, INC",CIVISTA BSHRS,1,FRS,OH
1246935,20171231,1,294728.0,1374747.0,500,WOBURN,UNITED STATES,0,0,"NORTHERN BANCORP, INC.",NORTHERN BC,1,FRS,MA
1247428,20171231,7,277521.0,1116886.0,500,MADISON,UNITED STATES,0,0,"FIRST BUSINESS FINANCIAL SERVICES, INC.",FIRST BUS FS,1,FRS,WI
1247576,20171231,9,114517.0,478979.0,500,MINNEAPOLIS,UNITED STATES,0,0,215 HOLDING CO.,215 HC,1,FRS,MN
1247679,20171231,5,217493.0,1383108.0,500,MOOREFIELD,UNITED STATES,0,0,"SUMMIT FINANCIAL GROUP, INC.",SUMMIT FNCL GROUP,1,FRS,WV
1248078,20171231,1,2026652.0,4484625.0,500,BOSTON,UNITED STATES,0,0,"BOSTON PRIVATE FINANCIAL HOLDINGS, INC.",BOSTON PRIVATE FNCL HOLD,1,FRS,MA
1248153,20171231,3,162588.0,1056927.0,500,SHIPPENSBURG,UNITED STATES,0,0,"ORRSTOWN FINANCIAL SERVICES, INC.",ORRSTOWN FNCL SVC,1,FRS,PA
1248162,20171231,9,164401.0,653405.0,500,BISMARCK,UNITED STATES,0,0,"BNCCORP, INC.",BNCCORP,1,FRS,ND
1248304,20171231,5,1264406.0,2699270.0,500,OLNEY,UNITED STATES,0,0,"SANDY SPRING BANCORP, INC.",SANDY SPRING BC,1,FRS,MD
1248939,20171231,8,43863.0,972635.0,500,ARKADELPHIA,UNITED STATES,0,549300J8O0VX2R2EM036,"SOUTHERN BANCORP, INC",SOUTHERN BC,1,FRS,AR
1249002,20171231,5,622439.0,1041156.0,500,FUQUAY-VARINA,UNITED STATES,0,0,"FIDELITY BANCSHARES (N.C.), INC.",FIDELITY BSHRS NC,1,FRS,NC
1249039,20171231,7,318768.0,1015914.0,500,CONVERSE,UNITED STATES,0,549300F1D89NKN4SJD05,FIRST FARMERS FINANCIAL CORPORATION,FIRST FARMERS FC,1,FRS,IN
1249347,20171231,6,3099994.0,6720468.0,500,BLAIRSVILLE,UNITED STATES,0,549300GVW0FV66X3U703,"UNITED COMMUNITY BANKS, INC.",UNITED CMNTY BK,1,FRS,GA
1249712,20171231,8,137386.0,709638.0,500,LOUISVILLE,UNITED STATES,0,0,"PORTER BANCORP, INC.",PORTER BANCORP,1,FRS,KY
1249730,20171231,8,674752.0,1903598.0,500,LOUISVILLE,UNITED STATES,0,549300YERP9H5TDIQW16,"STOCK YARDS BANCORP, INC.",STOCK YARDS BC,1,FRS,KY
1250101,20171231,12,610193.0,2491581.0,500,SANTA ANA,UNITED STATES,0,549300B6VEZK3N0A1P55,FIRST AMERICAN FINANCIAL CORPORATION,FIRST AMER FC,1,FRS,CA
1250286,20171231,11,335563.0,334765.0,500,MIDLAND,UNITED STATES,0,0,"SECURITY STAR BANCSHARES, INC.",SECURITY STAR BSHRS,1,FRS,TX
1250437,20171231,8,226671.0,785383.0,500,MOUNT VERNON,UNITED STATES,0,0,"MARKET STREET BANCSHARES, INC.",MARKET STREET BSHRS,1,FRS,IL
1250473,20171231,8,151802.0,977014.0,500,COLLINSVILLE,UNITED STATES,0,0,"FIRST CO BANCORP, INC.",FIRST CO BANCORP,1,FRS,IL
1275216,20171231,2,2901000.0,63666000.0,720,NEW YORK,UNITED STATES,0,R4PP93JZOLY261QX3811,AMERICAN EXPRESS COMPANY,AMERICAN EXPRESS CO,1,FRS,NY
1378434,20171231,12,32610238.0,52184330.0,500,NEW YORK,UNITED STATES,0,0,MUFG AMERICAS HOLDINGS CORPORATION,MUFG AMERS HOLDS CORP,1,FRS,NY
1398740,20171231,4,192438.0,685755.0,500,MIDDLEFIELD,UNITED STATES,0,0,MIDDLEFIELD BANC CORP,MIDDLEFIELD BC,1,FRS,OH
1398807,20171231,3,178943.0,1884784.0,500,PHILADELPHIA,UNITED STATES,0,0,"REPUBLIC FIRST BANCORP, INC.",REPUBLIC FIRST BC,1,FRS,PA
1399073,20171231,4,196905.0,581247.0,500,GAHANNA,UNITED STATES,0,0,HEARTLAND BANCCORP,HEARTLAND BC,1,FRS,OH
1399765,20171231,12,776776.0,1632060.0,500,STOCKTON,UNITED STATES,0,0,1867 WESTERN FINANCIAL CORPORATION,1867 WESTERN FC,1,FRS,CA
1401118,20171231,7,237511.0,1027747.0,500,MOUNT PLEASANT,UNITED STATES,0,0,ISABELLA BANK CORPORATION,ISABELLA BK CORP,1,FRS,MI
1401190,20171231,2,85302.0,965927.0,500,ANGOLA,UNITED STATES,0,0,"EVANS BANCORP, INC.",EVANS BC,1,FRS,NY
1404632,20171231,8,115446.0,641387.0,500,QUINCY,UNITED STATES,0,0,"FIRST BANKERS TRUSTSHARES, INC.",FIRST BKR TRUSTSHARES,1,FRS,IL
1404687,20171231,9,201754.0,1169406.0,500,YANKTON,UNITED STATES,0,0,FIRST DAKOTA FINANCIAL CORPORATION,FIRST DAKOTA FC,1,FRS,SD
1404799,20171231,2,975871.0,3393371.0,500,OAK RIDGE,UNITED STATES,0,549300NF90LR9ETZDR73,"LAKELAND BANCORP, INC.",LAKELAND BC,1,FRS,NJ
1416439,20171231,8,295723.0,917680.0,500,PERRYVILLE,UNITED STATES,0,549300J2M0CK8MCJZS35,"RELIABLE COMMUNITY BANCSHARES, INC.",RELIABLE CMNTY BSHRS,1,FRS,MO
1416523,20171231,2,1338701.0,1995842.0,500,BRIDGEHAMPTON,UNITED STATES,0,0,"BRIDGE BANCORP, INC.",BRIDGE BC,1,FRS,NY
1417333,20171231,9,1009366.0,3234366.0,500,FARGO,UNITED STATES,0,0,"STATE BANKSHARES, INC.",STATE BSHRS,1,FRS,ND
1427239,20171231,1,359669.0,8470223.0,500,BOSTON,UNITED STATES,0,0,EASTERN BANK CORPORATION,EASTERN BK CORP,6,FRS,MA
1427275,20171231,9,194450.0,1494740.0,500,SAINT CLOUD,UNITED STATES,0,0,"STEARNS FINANCIAL SERVICES, INC.",STEARNS FNCL SVC,1,FRS,MN
1447376,20171231,11,985349.0,70038643.0,550,SAN ANTONIO,UNITED STATES,0,549300NZVJG538SSYL92,UNITED SERVICES AUTOMOBILE ASSOCIATION,UNITED SVC AUTO ASSN,11,FRS,TX
1478017,20171231,5,454143.0,1475748.0,500,BLUEFIELD,UNITED STATES,0,0,"FIRST COMMUNITY BANCSHARES, INC.",FIRST CMNTY BSHRS,1,FRS,VA
1486517,20171231,12,608282.0,2081816.0,500,LOS ANGELES,UNITED STATES,0,0,CTBC CAPITAL CORP.,CTBC CAP CORP,1,FRS,CA
1490701,20171231,7,1249071.0,2625625.0,500,RACINE,UNITED STATES,0,549300SMIU4R1RSNLX11,"JOHNSON FINANCIAL GROUP, INC.",JOHNSON FNCL GRP,1,FRS,WI
1491351,20171231,8,724443.0,2406646.0,500,EFFINGHAM,UNITED STATES,0,5493006RHXW9TTBWYC94,"MIDLAND STATES BANCORP, INC.",MIDLAND STATES BANCORP,1,FRS,IL
1491360,20171231,8,475070.0,965066.0,500,FORT SMITH,UNITED STATES,0,0,FIRST BANK CORP,FIRST BK CORP,1,FRS,AR
1491409,20171231,8,2385252.0,8003250.0,500,CONWAY,UNITED STATES,0,0,"HOME BANCSHARES, INC.",HOME BSHRS,1,FRS,AR
1491913,20171231,7,70992.0,546003.0,500,BELOIT,UNITED STATES,0,0,"BLACKHAWK BANCORP, INC.",BLACKHAWK BC,1,FRS,WI
1493654,20171231,6,22618.0,1258634.0,500,RUSSELLVILLE,UNITED STATES,0,0,CBS BANC-CORP.,CBS BANC CORP,1,FRS,AL
1562859,20171231,7,108000.0,93136000.0,720,DETROIT,UNITED STATES,0,549300JBN1OSM8YNAI90,ALLY FINANCIAL INC.,ALLY FNCL,1,FRS,MI
1574834,20171231,2,0.0,0.0,720,NEW YORK,UNITED STATES,0,549300YHT5NGRKJD1R94,"CREDIT SUISSE HOLDINGS (USA), INC.",CREDIT SUISSE HOLD USA,1,FRS,NY
1575569,20171231,2,22456253.0,56321597.0,500,NEW YORK,UNITED STATES,0,549300QVEGJN81E8T563,"BNP PARIBAS USA, INC.",BNP PARIBAS USA,1,FRS,NY
1823345,20171231,7,158552.0,786243.0,500,MILAN,UNITED STATES,0,0,"BLACKHAWK BANCORPORATION, INC.",BLACKHAWK BC,1,FRS,IL
1830240,20171231,3,63771.0,844979.0,500,JOHNSTOWN,UNITED STATES,0,0,"1ST SUMMIT BANCORP OF JOHNSTOWN, INC.",1ST SUMMIT BC OF JOHNSTOWN,1,FRS,PA
1832048,20171231,11,465732.0,736407.0,500,TEMPLE,UNITED STATES,0,0,CENTRAL COMMUNITY CORPORATION,CENTRAL CMNTY CORP,1,FRS,TX
1838974,20171231,11,173469.0,665782.0,500,LUBBOCK,UNITED STATES,0,0,"COMMERCE NATIONAL FINANCIAL SERVICES, INC.",COMMERCE NAT FNCL SVC,1,FRS,TX
1842421,20171231,9,402366.0,836615.0,500,SIOUX FALLS,UNITED STATES,0,0,UNITED NATIONAL CORPORATION,UNITED NAT CORP,1,FRS,SD
1843062,20171231,11,766404.0,1897233.0,500,CANYON,UNITED STATES,0,549300LE2AZ02B27WW17,"HAPPY BANCSHARES, INC.",HAPPY BSHRS,1,FRS,TX
1843080,20171231,12,2690973.0,9679579.0,500,LOS ANGELES,UNITED STATES,0,549300K1SLJ8C97H5L68,CATHAY GENERAL BANCORP,CATHAY GEN BC,1,FRS,CA
1860863,20171231,8,234284.0,1130161.0,500,CARROLLTON,UNITED STATES,0,549300ZIM73E2656RW15,CBX CORPORATION,CBX CORP,1,FRS,IL
1862036,20171231,11,410009.0,1266311.0,500,MOUNT PLEASANT,UNITED STATES,0,0,"GUARANTY BANCSHARES, INC.",GUARANTY BSHRS,1,FRS,TX
1883693,20171231,10,1947966.0,20129429.0,500,TULSA,UNITED STATES,0,GRI2NT5QHYW751NMR949,BOK FINANCIAL CORPORATION,BOK FC,1,FRS,OK
1885307,20171231,11,833655.0,2677851.0,500,RUSTON,UNITED STATES,0,54930055DO2Z4KO3NB45,"ORIGIN BANCORP, INC.",ORIGIN BC,1,FRS,LA
1902651,20171231,1,456380.0,3653391.0,500,PEABODY,UNITED STATES,0,0,"MERIDIAN BANCORP, INC.",MERIDIAN BC,1,FRS,MA
1917600,20171231,11,385678.0,1151273.0,500,HENDERSON,UNITED STATES,0,0,"HENDERSON CITIZENS BANCSHARES, INC.",HENDERSON CITIZENS BSHRS,1,FRS,TX
1944204,20171231,3,163714.0,859854.0,500,MILLERSBURG,UNITED STATES,0,0,"MID PENN BANCORP, INC.",MID PENN BC,1,FRS,PA
1947102,20171231,7,127833.0,570584.0,500,BURLINGTON,UNITED STATES,0,0,"TWO RIVERS FINANCIAL GROUP, INC.",TWO RIVERS FNCL GRP,1,FRS,IA
1951350,20171231,2,126951000.0,318613000.0,500,NEW YORK,UNITED STATES,0,6SHGI4ZSSLCXXQSBB395,CITIGROUP INC.,CITIGROUP,1,FRS,NY
1966671,20171231,4,299145.0,1057405.0,500,LEXINGTON,UNITED STATES,0,0,WHITAKER BANK CORPORATION OF KENTUCKY,WHITAKER BC,1,FRS,KY
1971693,20171231,5,1504305.0,5489510.0,500,RICHMOND,UNITED STATES,0,0,UNION BANKSHARES CORPORATION,UNION BSHRS CORP,1,FRS,VA
1978713,20171231,7,284640.0,1213539.0,500,ARNOLDS PARK,UNITED STATES,0,0,NORTHWEST FINANCIAL CORP.,NORTHWEST FC,1,FRS,IA
1988646,20171231,5,340864.0,1079461.0,500,LEBANON,UNITED STATES,0,549300V6LKROCIL7OI49,"FIRST BANCORP, INC.",FIRST BC,1,FRS,VA
1995523,20171231,8,19391.0,66748.0,500,HOLLY SPRINGS,UNITED STATES,0,0,"M & F BANCORP, INC.",M&F BC,1,FRS,MS
2003975,20171231,9,2311902.0,5267845.0,500,KALISPELL,UNITED STATES,0,0,"GLACIER BANCORP, INC.",GLACIER BC,1,FRS,MT
2004141,20171231,6,230177.0,1798186.0,500,LEBANON,UNITED STATES,0,0,WILSON BANK HOLDING COMPANY,WILSON BHC,1,FRS,TN
2007647,20171231,5,332588.0,940087.0,500,HUNTINGTON,UNITED STATES,0,0,"PREMIER FINANCIAL BANCORP, INC.",PREMIER FNCL BC,1,FRS,WV
2012315,20171231,6,399611.0,1352880.0,500,THE VILLAGES,UNITED STATES,0,0,"VILLAGES BANCORPORATION, INC.",VILLAGES BC,1,FRS,FL
2033226,20171231,11,475162.0,1678919.0,500,LUBBOCK,UNITED STATES,0,0,"SOUTH PLAINS FINANCIAL, INC.",SOUTH PLAINS FNCL,1,FRS,TX
2038409,20171231,8,63692.0,1062120.0,500,JEFFERSON CITY,UNITED STATES,0,0,"HAWTHORN BANCSHARES, INC",HAWTHORN BSHRS,1,FRS,MO
2066868,20171231,8,254014.0,1275023.0,500,EDWARDSVILLE,UNITED STATES,0,0,"BANC ED CORP., THE",BANC ED CORP,1,FRS,IL
2067007,20171231,9,619334.0,1215632.0,500,GRAND FORKS,UNITED STATES,0,5493008BXLBPPELQ3G57,ALERUS FINANCIAL CORPORATION,ALERUS FC,1,FRS,ND
2078816,20171231,12,5081901.0,5450184.0,500,TACOMA,UNITED STATES,0,0,"COLUMBIA BANKING SYSTEM, INC.",COLUMBIA BKG SYS,1,FRS,WA
2107707,20171231,10,458688.0,1348589.0,500,KANSAS CITY,UNITED STATES,0,0,DICKINSON FINANCIAL CORPORATION II,DICKINSON FC II,1,FRS,MO
2112439,20171231,11,384302.0,3018462.0,500,INDUSTRY,UNITED STATES,0,0,"INDUSTRY BANCSHARES, INC.",INDUSTRY BSHRS,1,FRS,TX
2125813,20171231,7,789548.0,2477107.0,500,MOLINE,UNITED STATES,0,0,"QCR HOLDINGS, INC.",QCR HOLDS,1,FRS,IL
2126977,20171231,12,3265544.0,4917887.0,500,WALLA WALLA,UNITED STATES,0,0,BANNER CORPORATION,BANNER CORP,1,FRS,WA
2128917,20171231,7,361326.0,974560.0,500,CHICAGO,UNITED STATES,0,549300B0P9NB37HU4C70,"LAKESIDE BANCORP, INC.",LAKESIDE BC,1,FRS,IL
2132932,20171231,2,2312216.0,26789947.0,500,WESTBURY,UNITED STATES,0,0,"NEW YORK COMMUNITY BANCORP, INC.",NEW YORK CMNTY BC,1,FRS,NY
2149622,20171231,7,462623.0,1314133.0,500,INDIANAPOLIS,UNITED STATES,0,0,"NATIONAL BANK OF INDIANAPOLIS CORPORATION, THE",NATIONAL BK INDIANAPOLIS CORP,1,FRS,IN
2158156,20171231,4,532596.0,1458432.0,500,LEXINGTON,UNITED STATES,0,0,"CENTRAL BANCSHARES, INC.",CENTRAL BSHRS,1,FRS,KY
2162966,20171231,2,232000.0,158776000.0,720,NEW YORK,UNITED STATES,0,IGJSJL3JD5P30I6NJZ34,MORGAN STANLEY,MORGAN STANLEY,1,FRS,NY
2166124,20171231,12,953505.0,2448270.0,500,OLYMPIA,UNITED STATES,0,0,HERITAGE FINANCIAL CORPORATION,HERITAGE FC,1,FRS,WA
2181426,20171231,2,256153.0,787018.0,500,CLINTON,UNITED STATES,0,549300Q90ZRNUR65PL93,"UNITY BANCORP, INC.",UNITY BC,1,FRS,NJ
2183493,20171231,5,247807.0,923761.0,500,WEST POINT,UNITED STATES,0,549300VFPAZLNS1R0361,C&F FINANCIAL CORPORATION,C&F FC,1,FRS,VA
2233950,20171231,10,789931.0,2207707.0,500,OLNEY,UNITED STATES,0,0,"OLNEY BANCSHARES OF TEXAS, INC.",OLNEY BSHRS OF TX,1,FRS,TX
2237118,20171231,7,120556.0,672449.0,500,MUNSTER,UNITED STATES,0,0,NORTHWEST INDIANA BANCORP,NORTHWEST IN BC,1,FRS,IN
2242523,20171231,12,438368.0,774868.0,500,BURLEY,UNITED STATES,0,549300OSSFHX7ABQ2Y81,D.L. EVANS BANCORP,DL EVANS BC,1,FRS,ID
2254508,20171231,6,11670.0,860043.0,500,NEW ORLEANS,UNITED STATES,0,0,CB&T HOLDING CORPORATION,CB&T HC,1,FRS,LA
2260406,20171231,7,6994955.0,16390850.0,500,ROSEMONT,UNITED STATES,0,Q774KI4AW80FHFW33O61,WINTRUST FINANCIAL CORPORATION,WINTRUST FC,1,FRS,IL
2264404,20171231,4,295080.0,741656.0,500,KITTANNING,UNITED STATES,0,549300P9Z68O0W6RWY48,NEXTIER INCORPORATED,NEXTIER,1,FRS,PA
2270254,20171231,11,225112.0,758940.0,500,LAREDO,UNITED STATES,0,0,FALCON BANCSHARES INCORPORATED,FALCON BSHRS,1,FRS,TX
2277860,20171231,5,26294321.0,216927620.0,500,MCLEAN,UNITED STATES,0,ZUE8T73ROZOF6FLBAR73,CAPITAL ONE FINANCIAL CORPORATION,CAPITAL ONE FC,1,FRS,VA
2291914,20171231,6,6209925.0,15256792.0,500,LAFAYETTE,UNITED STATES,0,WQ4U3ADCR5WID15LA317,IBERIABANK CORPORATION,IBERIABANK CORP,1,FRS,LA
2303910,20171231,8,1130554.0,3027587.0,500,CLAYTON,UNITED STATES,0,5493001XTU5DLD632129,ENTERPRISE FINANCIAL SERVICES CORP,ENTERPRISE FS CORP,1,FRS,MO
2307280,20171231,2,4057632.0,6395129.0,500,NEW YORK,UNITED STATES,2322966,0,"UTRECHT-AMERICA HOLDINGS, INC.",UTRECHT-AMERICA HOLDS,1,FRS,NY
2320618,20171231,7,129748.0,713967.0,500,OCONOMOWOC,UNITED STATES,0,549300SH0NBQFD15MD48,"OCONOMOWOC BANCSHARES, INC.",OCONOMOWOC BSHRS,1,FRS,WI
2324111,20171231,1,71262.0,786981.0,500,LEWISTON,UNITED STATES,0,549300LSZ443GPP9KV95,NORTHEAST BANCORP,NORTHEAST BC,1,FRS,ME
2324997,20171231,12,352526.0,623203.0,500,LOGAN,UNITED STATES,0,0,CACHE VALLEY BANKING COMPANY,CACHE VALLEY BKG CO,1,FRS,UT
2325350,20171231,11,244060.0,1700372.0,500,MCALLEN,UNITED STATES,0,0,"LONE STAR NATIONAL BANCSHARES--TEXAS, INC.",LONE STAR NAT BSHRS TX,1,FRS,TX
2326629,20171231,11,1070231.0,1469220.0,500,TERRELL,UNITED STATES,0,0,"ANB CORPORATION, THE",ANB CORP,1,FRS,TX
2333663,20171231,1,1669292.0,7082711.0,500,PITTSFIELD,UNITED STATES,0,549300AS2OC6UMMBNO37,"BERKSHIRE HILLS BANCORP, INC",BERKSHIRE HILLS BC,1,FRS,MA
2337401,20171231,5,226815.0,661930.0,500,LEXINGTON,UNITED STATES,0,549300TC167ECI9SMC70,FIRST COMMUNITY CORPORATION,FIRST CMNTY CORP,1,FRS,SC
2339133,20171231,8,1219762.0,2382701.0,500,SPRINGFIELD,UNITED STATES,0,0,"GREAT SOUTHERN BANCORP, INC.",GREAT SOUTHERN BC,1,FRS,MO
2339656,20171231,7,386989.0,651393.0,500,EVANSTON,UNITED STATES,0,549300FDJT2WEFOJP085,"FIRST EVANSTON BANCORP, INC.",FIRST EVANSTON BC,1,FRS,IL
2349815,20171231,12,7433962.0,9538570.0,500,PHOENIX,UNITED STATES,0,5493003VJXZ5JXT9S762,WESTERN ALLIANCE BANCORPORATION,WESTERN ALLI BC,1,FRS,AZ
2365356,20171231,3,40679.0,888705.0,500,HONESDALE,UNITED STATES,0,0,NORWOOD FINANCIAL CORP.,NORWOOD FNCL,1,FRS,PA
2367921,20171231,2,1437925.0,3399882.0,500,ITHACA,UNITED STATES,0,0,TOMPKINS FINANCIAL CORPORATION,TOMPKINS FNCL CORP,1,FRS,NY
2368106,20171231,2,2351041.0,4140572.0,500,GIBRALTAR,GIBRALTAR,0,0,SNBNY HOLDINGS LIMITED,SNBNY HOLD,1,FRS,0
2380443,20171231,2,2000.0,110788000.0,700,NEW YORK,UNITED STATES,0,784F5XWPLTWKTBV3E584,"GOLDMAN SACHS GROUP, INC., THE",GOLDMAN SACHS GROUP THE,1,FRS,NY
2385493,20171231,6,302572.0,1167951.0,500,HATTIESBURG,UNITED STATES,0,0,"FIRST BANCSHARES, INC., THE",FIRST BSHRS,1,FRS,MS
2388878,20171231,1,229748.0,1408159.0,500,TAUNTON,UNITED STATES,0,0,BEACON BANCORP,BEACON BC,6,FRS,MA
2389941,20171231,9,3749728.0,14648603.0,500,WAYZATA,UNITED STATES,0,0,TCF FINANCIAL CORPORATION,TCF FC,1,FRS,MN
2390013,20171231,9,2779671.0,734000.0,500,SIOUX FALLS,UNITED STATES,0,5493004X52BH1NBLW813,"META FINANCIAL GROUP, INC.",META FNCL GRP,1,FRS,SD
2393274,20171231,2,385281.0,3997527.0,500,UNIONDALE,UNITED STATES,0,0,FLUSHING FINANCIAL CORPORATION,FLUSHING FC,1,FRS,NY
2398082,20171231,5,293680.0,1633186.0,500,WASHINGTON,UNITED STATES,0,0,NATIONAL CONSUMER COOPERATIVE BANK,NATIONAL CONSUMER CO-OP BK,1,FRS,DC
2427665,20171231,5,179457.0,982719.0,500,FRANKLIN,UNITED STATES,0,549300IGTAG3ZXKC7O06,ENTEGRA FINANCIAL CORP.,ENTEGRA FNCL CORP,1,FRS,NC
2429838,20171231,5,328322.0,874459.0,500,EASTON,UNITED STATES,0,0,"SHORE BANCSHARES, INC.",SHORE BSHRS,1,FRS,MD
2453084,20171231,12,340684.0,519026.0,500,IRVINE,UNITED STATES,0,549300A88LVIPBJPKT75,H BANCORP LLC,H BC LLC,11,FRS,CA
2454380,20171231,7,148065.0,1177509.0,500,ANN ARBOR,UNITED STATES,0,0,"ARBOR BANCORP, INC.",ARBOR BC,1,FRS,MI
2461016,20171231,1,705847.0,1735516.0,500,LOWELL,UNITED STATES,0,0,"ENTERPRISE BANCORP, INC.",ENTERPRISE BC,1,FRS,MA
2465519,20171231,1,134206.0,1318618.0,500,WHITINSVILLE,UNITED STATES,0,549300L8I869GRZ3EJ44,UFS BANCORP,UFS BC,6,FRS,MA
2465528,20171231,1,53171.0,1054028.0,500,HUDSON,UNITED STATES,0,0,ASSABET VALLEY BANCORP,ASSABET VALLEY BC,6,FRS,MA
2477754,20171231,2,2537374.0,14933137.0,500,SHORT HILLS,UNITED STATES,0,0,"INVESTORS BANCORP, INC.",INVESTORS BC,1,FRS,NJ
2482196,20171231,10,210829.0,908723.0,500,GRAND ISLAND,UNITED STATES,0,0,HOMETOWN BANC CORP,HOMETOWN BC,1,FRS,NE
2487650,20171231,3,384833.0,4100782.0,500,BROOKLYN,UNITED STATES,0,0,"DIME COMMUNITY BANCSHARES, INC.",DIME CMNTY BSHRS,1,FRS,NY
2490575,20171231,2,969525.0,3828068.0,500,SAN JUAN,PUERTO RICO,0,0,OFG BANCORP,OFG BC,1,FRS,PR
2507790,20171231,5,129688.0,2480871.0,500,CHARLESTON,UNITED STATES,0,0,CAROLINA FINANCIAL CORPORATION,CAROLINA FC,1,FRS,SC
2509413,20171231,1,781438.0,4429031.0,500,HARTFORD,UNITED STATES,0,0,"UNITED FINANCIAL BANCORP, INC.",UNITED FNCL BC,1,FRS,CT
2511014,20171231,10,158875.0,780673.0,500,SCOTTSBLUFF,UNITED STATES,0,0,"PLATTE VALLEY FINANCIAL SERVICE COMPANIES, INC.",PLATTE VALLEY FS CO,1,FRS,NE
2523389,20171231,5,160639.0,945597.0,500,WALDORF,UNITED STATES,0,0,"COMMUNITY FINANCIAL CORPORATION, THE",COMMUNITY FC,1,FRS,MD
2524788,20171231,7,125584.0,984493.0,500,MANITOWOC,UNITED STATES,0,0,"COUNTY BANCORP, INC.",COUNTY BC,1,FRS,WI
2531245,20171231,3,70280.0,496378.0,500,NEW YORK,UNITED STATES,0,0,"CARVER BANCORP, INC.",CARVER BC,1,FRS,NY
2545831,20171231,1,291404.0,962287.0,500,LACONIA,UNITED STATES,0,0,BNH FINANCIAL,BNH FNCL,6,FRS,NH
2560263,20171231,3,50013.0,952476.0,500,DUNMORE,UNITED STATES,0,0,"FNCB BANCORP, INC.",FNCB BC,1,FRS,PA
2568278,20171231,10,2811035.0,5197780.0,500,OKLAHOMA CITY,UNITED STATES,0,0,MIDLAND FINANCIAL CO.,MIDLAND FC,1,FRS,OK
2571120,20171231,3,707422.0,3581446.0,500,FAIR LAWN,UNITED STATES,0,0,COLUMBIA BANK MHC,COLUMBIA BK MHC,6,FRS,NJ
2589714,20171231,2,126779.0,946318.0,500,WALL TOWNSHIP,UNITED STATES,0,0,MB MUTUAL HOLDING COMPANY,MB MUT HC,1,FRS,NJ
2592714,20171231,7,379329.0,2558965.0,500,MORTON,UNITED STATES,0,0,"HOMETOWN COMMUNITY BANCORP, INC.",HOMETOWN CMNTY BC,1,FRS,IL
2603991,20171231,12,338441.0,656756.0,500,PORT ORCHARD,UNITED STATES,0,0,"OLYMPIC BANCORP, INC.",OLYMPIC BC,1,FRS,WA
2608763,20171231,7,866380.0,1655985.0,500,GRAND RAPIDS,UNITED STATES,0,P16VZZCKTJ5IONL6XE37,MERCANTILE BANK CORPORATION,MERCANTILE BK CORP,1,FRS,MI
2609975,20171231,3,211307.0,4152003.0,500,TOMS RIVER,UNITED STATES,0,0,OCEANFIRST FINANCIAL CORP.,OCEANFIRST FNCL CORP,1,FRS,NJ
2611718,20171231,2,69525.0,1953369.0,500,OLD BRIDGE,UNITED STATES,0,0,AMBOY BANCORPORATION,AMBOY BC,1,FRS,NJ
2621548,20171231,12,210108.0,665966.0,500,HOQUIAM,UNITED STATES,0,0,"TIMBERLAND BANCORP, INC.",TIMBERLAND BC,1,FRS,WA
2623430,20171231,1,225629.0,895352.0,500,SWANSEA,UNITED STATES,0,0,NARRAGANSETT FINANCIAL CORP,NARRAGANSETT FNCL CORP,6,FRS,MA
2631510,20171231,1,1027793.0,3871145.0,500,BOSTON,UNITED STATES,0,0,"BROOKLINE BANCORP, INC.",BROOKLINE BC,1,FRS,MA
2634696,20171231,7,490583.0,1088427.0,500,HOLLAND,UNITED STATES,0,0,MACATAWA BANK CORPORATION,MACATAWA BC,1,FRS,MI
2634874,20171231,12,989753.0,1493236.0,500,SAN JOSE,UNITED STATES,0,549300CLIS851ELSR406,HERITAGE COMMERCE CORP,HERITAGE CMRC CORP,1,FRS,CA
2641694,20171231,8,116196.0,960250.0,500,BATESVILLE,UNITED STATES,0,0,"FIRST COMMUNITY BANCSHARES, INC.",FIRST COMMUNITY BSHRS,1,FRS,AR
2651590,20171231,2,539304.0,3159050.0,500,BEDMINSTER,UNITED STATES,0,0,PEAPACK-GLADSTONE FINANCIAL CORPORATION,PEAPACK-GLADSTONE FC,1,FRS,NJ
2652104,20171231,5,1982912.0,3871072.0,500,BETHESDA,UNITED STATES,0,549300B47NZODRMG3D47,"EAGLE BANCORP, INC.",EAGLE BC,1,FRS,MD
2687795,20171231,1,545225.0,2147560.0,500,CAMBRIDGE,UNITED STATES,0,0,"CAMBRIDGE FINANCIAL GROUP, INC.",CAMBRIDGE FNCL GROUP,6,FRS,MA
2692892,20171231,3,163460.0,2810723.0,500,TOWNSHIP OF WASHINGTON,UNITED STATES,0,0,ORITANI FINANCIAL CORP,ORITANI FNCL CORP,1,FRS,NJ
2693273,20171231,1,228389.0,587106.0,500,LAKEVILLE,UNITED STATES,0,0,"SALISBURY BANCORP, INC.",SALISBURY BC,1,FRS,CT
2706735,20171231,11,7812778.0,11310520.0,500,DALLAS,UNITED STATES,0,549300466Q2SXRX0YM48,"TEXAS CAPITAL BANCSHARES, INC.",TEXAS CAP BSHRS,1,FRS,TX
2727495,20171231,3,155895.0,870585.0,500,HARRISBURG,UNITED STATES,0,549300ECGHC3HY8WWS09,RIVERVIEW FINANCIAL CORPORATION,RIVERVIEW FC,1,FRS,PA
2728577,20171231,1,167266.0,954282.0,500,MACHIAS,UNITED STATES,0,0,"MACHIAS BANCORP, MHC",MACHIAS BC MHC,6,FRS,ME
2734233,20171231,12,11163178.0,19209974.0,500,PASADENA,UNITED STATES,0,0,"EAST WEST BANCORP, INC.",EAST WEST BC,1,FRS,CA
2743235,20171231,6,504286.0,1021699.0,500,ALEXANDRIA,UNITED STATES,0,549300SO63STZV7UHM15,"RED RIVER BANCSHARES, INC.",RED RIVER BSHRS,1,FRS,LA
2744894,20171231,2,1772283.0,7028488.0,500,SAN JUAN,PUERTO RICO,0,0,FIRST BANCORP,FIRST BC,1,FRS,PR
2747644,20171231,12,6505652.0,13442672.0,500,PORTLAND,UNITED STATES,0,0,UMPQUA HOLDINGS CORPORATION,UMPQUA HC,1,FRS,OR
2748995,20171231,12,641124.0,1173508.0,500,AMERICAN FORK,UNITED STATES,0,0,PEOPLE'S UTAH BANCORP,PEOPLES UT BC,1,FRS,UT
2759900,20171231,4,283212.0,802609.0,500,LEBANON,UNITED STATES,0,0,LCNB CORP.,LCNB CORP,1,FRS,OH
2781910,20171231,12,1185023.0,1538988.0,500,LODI,UNITED STATES,0,0,FARMERS & MERCHANTS BANCORP,FARMERS & MRCH BC,1,FRS,CA
2784920,20171231,2,196509.0,725497.0,500,CRANBURY,UNITED STATES,0,0,1ST CONSTITUTION BANCORP,1ST CONSTITUTION BC,1,FRS,NJ
2787118,20171231,8,134065.0,961604.0,500,DES PERES,UNITED STATES,0,0,"RELIANCE BANCSHARES, INC.",RELIANCE BSHRS,1,FRS,MO
2803719,20171231,8,82569.0,1311587.0,500,SAINT LOUIS,UNITED STATES,1094556,0,"MIDWEST BANKCENTRE, INC.",MIDWEST BANKCENTRE,1,FRS,MO
2810285,20171231,8,204749.0,808991.0,500,GLASGOW,UNITED STATES,0,549300VC2OWYW2K68458,"SOUTH CENTRAL BANCSHARES OF KENTUCKY, INC.",SOUTH CENTRAL BSHRS OF KY,1,FRS,KY
2816906,20171231,2,17062000.0,3690000.0,500,NEW YORK,UNITED STATES,0,529900RO45LRDMWLRI57,DB USA CORPORATION,DB USA CORP,1,FRS,NY
2818245,20171231,5,305990.0,600962.0,500,NEWTON,UNITED STATES,0,0,"PEOPLES BANCORP OF NORTH CAROLINA, INC.",PEOPLES BC OF NC,1,FRS,NC
2820211,20171231,2,795955.0,608400.0,500,NEW YORK,UNITED STATES,0,0,METROPOLITAN BANK HOLDING CORP.,METROPOLITAN BK HOLD CORP,1,FRS,NY
2835475,20171231,1,250515.0,672597.0,500,NORWAY,UNITED STATES,0,0,"NORWAY BANCORP, MHC",NORWAY BC MHC,6,FRS,ME
2835514,20171231,2,18186.0,1298065.0,500,RUTHERFORD,UNITED STATES,0,0,"BOILING SPRINGS, MHC",BOILING SPRINGS MHC,6,FRS,NJ
2838159,20171231,1,185851.0,563834.0,500,AMESBURY,UNITED STATES,0,0,PROVIDENT BANCORP,PROVIDENT BC,6,FRS,MA
2849799,20171231,5,299571.0,1085443.0,500,GREENVILLE,UNITED STATES,0,0,"SOUTHERN FIRST BANCSHARES, INC.",SOUTHERN FIRST BSHRS,1,FRS,SC
2858951,20171231,3,3530071.0,730771.0,500,WILMINGTON,UNITED STATES,0,0,"BANCORP, INC., THE",BANCORP,1,FRS,DE
2868129,20171231,6,1999901.0,3560622.0,500,WINTER HAVEN,UNITED STATES,0,0,CENTERSTATE BANK CORPORATION,CENTERSTATE BK CORP,1,FRS,FL
2868950,20171231,11,146856.0,937095.0,500,MIDLAND,UNITED STATES,0,0,"MIDLAND BANCSHARES, INC.",MIDLAND BSHRS,1,FRS,TX
2869733,20171231,12,338618.0,801134.0,500,COSTA MESA,UNITED STATES,0,0,PACIFIC MERCANTILE BANCORP,PACIFIC MERC BC,1,FRS,CA
2875332,20171231,12,8515584.0,10357491.0,500,BEVERLY HILLS,UNITED STATES,0,549300YI8VMFO7G36V04,PACWEST BANCORP,PACWEST BC,1,FRS,CA
2880626,20171231,12,382157.0,722583.0,500,DIXON,UNITED STATES,0,0,FIRST NORTHERN COMMUNITY BANCORP,FIRST NORTHERN CMNTY BC,1,FRS,CA
2894230,20171231,2,469519.0,7274676.0,500,NEW YORK,UNITED STATES,0,0,"DISCOUNT BANCORP, INC.",DISCOUNT BC,1,FRS,NY
2900261,20171231,12,1312274.0,3036405.0,500,LOS ANGELES,UNITED STATES,0,549300MSZ7RCG7EA6587,HANMI FINANCIAL CORPORATION,HANMI FC,1,FRS,CA
2907822,20171231,7,299838.0,898326.0,500,MONROE,UNITED STATES,0,0,MBT FINANCIAL CORP.,MBT FC,1,FRS,MI
2909554,20171231,6,248662.0,746915.0,500,HOUMA,UNITED STATES,0,0,"LOUISIANA COMMUNITY BANCORP, INC.",LOUISIANA CMNTY BC,1,FRS,LA
2914857,20171231,4,163905.0,740311.0,500,SOMERSET,UNITED STATES,0,0,SOMERSET TRUST HOLDING COMPANY,SOMERSET TR HC,1,FRS,PA
2925657,20171231,6,4381386.0,12070315.0,500,NASHVILLE,UNITED STATES,0,0,"PINNACLE FINANCIAL PARTNERS, INC.",PINNACLE FNCL PTNR,1,FRS,TN
2929374,20171231,7,332070.0,1566294.0,500,MILWAUKEE,UNITED STATES,0,0,BANK MUTUAL CORPORATION,BANK MUT CORP,1,FRS,WI
2935142,20171231,12,375747.0,605682.0,500,OGDEN,UNITED STATES,0,5493001OI66KTSQZ1L44,"BOU BANCORP, INC.",BOU BC,1,FRS,UT
2935405,20171231,12,585039.0,840648.0,500,FRESNO,UNITED STATES,0,0,CENTRAL VALLEY COMMUNITY BANCORP,CENTRAL VALLEY CMNTY BC,1,FRS,CA
2942702,20171231,10,784268.0,1448809.0,500,DENVER,UNITED STATES,0,0,"STURM FINANCIAL GROUP, INC.",STURM FNCL GROUP INC,1,FRS,CO
2944144,20171231,7,146561.0,738848.0,500,OAK BROOK,UNITED STATES,0,549300OFLPINK5SI8U91,"INLAND BANCORP, INC.",INLAND BC,1,FRS,IL
2961879,20171231,12,2998832.0,7847876.0,500,LOS ANGELES,UNITED STATES,0,0,"HOPE BANCORP, INC.",HOPE BC,1,FRS,CA
2976396,20171231,12,635434.0,1352952.0,500,PORTERVILLE,UNITED STATES,0,0,SIERRA BANCORP,SIERRA BC,1,FRS,CA
3005332,20171231,4,5720030.0,16679695.0,500,PITTSBURGH,UNITED STATES,0,PCYSKIGYNYFDTBLVZU83,F.N.B. CORPORATION,FNB CORP,1,FRS,PA
3012554,20171231,5,513457.0,2032090.0,500,RICHMOND,UNITED STATES,0,0,"XENITH BANKSHARES, INC.",XENITH BSHRS,1,FRS,VA
3021800,20171231,5,215028.0,1065714.0,500,RALEIGH,UNITED STATES,0,0,PARAGON COMMERCIAL CORPORATION,PARAGON CMRL CORP,1,FRS,NC
3025385,20171231,12,414687.0,843596.0,500,ANCHORAGE,UNITED STATES,0,5493006X7RLLTZ3SG075,"NORTHRIM BANCORP, INC.",NORTHRIM BC,1,FRS,AK
3030307,20171231,10,160496.0,608580.0,500,MANHATTAN,UNITED STATES,0,0,"LANDMARK BANCORP, INC.",LANDMARK BC INC,1,FRS,KS
3035928,20171231,7,246499.0,1105697.0,500,BURR RIDGE,UNITED STATES,0,0,BANKFINANCIAL CORPORATION,BANKFINANCIAL CORP,1,FRS,IL
3047743,20171231,12,313435.0,736860.0,500,SOUTH SAN FRANCISCO,UNITED STATES,0,0,FNB BANCORP,FNB BC,1,FRS,CA
3063622,20171231,8,5744.0,13406191.0,500,SAINT LOUIS,UNITED STATES,0,549300E5F07FE5GHJX84,STIFEL FINANCIAL CORP.,STIFEL FNCL CORP,1,FRS,MO
3065617,20171231,12,1365526.0,9699781.0,500,SEATTLE,UNITED STATES,0,0,"WASHINGTON FEDERAL, INC.",WASHINGTON FED INC,1,FRS,WA
3083291,20171231,2,4196209.0,16474288.0,500,MONTEBELLO,UNITED STATES,0,0,STERLING BANCORP,STERLING BC,1,FRS,NY
3099443,20171231,3,283558.0,2758169.0,500,FAIRFIELD,UNITED STATES,0,0,KEARNY FINANCIAL CORPORATION,KEARNY FNCL CORP,1,FRS,NJ
3103603,20171231,7,143937.0,2327127.0,500,GREEN BAY,UNITED STATES,0,0,"NICOLET BANKSHARES, INC.",NICOLET BSHRS,1,FRS,WI
3109904,20171231,5,744960.0,1489188.0,500,RESTON,UNITED STATES,0,0,ACCESS NATIONAL CORPORATION,ACCESS NAT CORP,1,FRS,VA
3121193,20171231,8,190684.0,659062.0,500,MEMPHIS,UNITED STATES,0,0,"INDEPENDENT HOLDINGS, INC",INDEPENDENT HOLDINGS,1,FRS,TN
3121344,20171231,11,308913.0,630609.0,500,MIDLAND,UNITED STATES,0,0,"FIRST BANCSHARES OF TEXAS, INC.",FIRST BSHRS OF TX,1,FRS,TX
3122051,20171231,11,496909.0,914782.0,500,EL PASO,UNITED STATES,0,0,"WESTSTAR BANK HOLDING COMPANY, INC.",WESTSTAR BHC,1,FRS,TX
3132863,20171231,3,425243.0,2427076.0,500,WOODBRIDGE,UNITED STATES,0,0,"NORTHFIELD BANCORP, INC.",NORTHFIELD BC,1,FRS,NJ
3133637,20171231,2,1478921.0,5261182.0,500,JERSEY CITY,UNITED STATES,0,0,"PROVIDENT FINANCIAL SERVICES, INC.",PROVIDENT FNCL SVC,1,FRS,NJ
3140288,20171231,11,1907770.0,4725052.0,500,MCKINNEY,UNITED STATES,0,0,"INDEPENDENT BANK GROUP, INC.",INDEPENDENT BK GRP,1,FRS,TX
3153130,20171231,12,1071608.0,6221295.0,500,SANTA ANA,UNITED STATES,0,549300ZKWUJDP6LJ1X87,"BANC OF CALIFORNIA, INC.",BANC OF CA,1,FRS,CA
3153242,20171231,6,0.0,0.0,500,KNOXVILLE,UNITED STATES,0,0,"CLAYTON HC, INC.",CLAYTON HC,1,FRS,TN
3170539,20171231,2,201042.0,1368328.0,500,BAYONNE,UNITED STATES,0,54930024V6Z8FYSN4291,"BCB BANCORP, INC.",BCB BC,1,FRS,NJ
3175794,20171231,7,194634.0,1007900.0,500,MUNCIE,UNITED STATES,0,5493004W2SYBLE5X7W66,"MUTUALFIRST FINANCIAL, INC.",MUTUALFIRST FNCL,1,FRS,IN
3180060,20171231,12,265664.0,707486.0,500,VANCOUVER,UNITED STATES,0,0,"RIVERVIEW BANCORP, INC.",RIVERVIEW BC,1,FRS,WA
3180547,20171231,10,370710.0,2012053.0,500,WICHITA,UNITED STATES,0,0,"EQUITY BANCSHARES, INC.",EQUITY BSHRS,1,FRS,KS
3186576,20171231,6,223980.0,922408.0,500,MERIDIAN,UNITED STATES,0,0,CITIZENS NATIONAL BANC CORP.,CITIZENS NAT BANC CORP,1,FRS,MS
3186585,20171231,1,280735.0,1354898.0,500,HOLYOKE,UNITED STATES,0,0,"PEOPLESBANCORP, MHC",PEOPLESBC MHC,6,FRS,MA
3200221,20171231,5,451804.0,1201100.0,500,BOWIE,UNITED STATES,0,0,"OLD LINE BANCSHARES, INC.",OLD LINE BSHRS,1,FRS,MD
3200463,20171231,3,412003.0,981257.0,500,DOYLESTOWN,UNITED STATES,0,0,PENN COMMUNITY MUTUAL HOLDINGS INC,PENN CMNTY MUT HOLDS,6,FRS,PA
3202832,20171231,8,318607.0,985154.0,500,ELDORADO,UNITED STATES,0,549300QNH1CG2ZGLWQ76,BANTERRA CORP,BANTERRA CORP,1,FRS,IL
3207659,20171231,5,227066.0,767978.0,500,DUNN,UNITED STATES,0,0,SELECT BANCORP INC.,SELECT BC,1,FRS,NC
3211012,20171231,11,485434.0,703059.0,500,LAREDO,UNITED STATES,0,0,"VISION BANCSHARES, INC.",VISION BSHRS,1,FRS,TX
3211601,20171231,5,125963.0,1033617.0,500,FAIRMONT,UNITED STATES,0,549300KSUQ2FUU1X2O74,MVB FINANCIAL CORP.,MVB FC,1,FRS,WV
3212091,20171231,2,92376.0,4530395.0,500,NEW YORK,UNITED STATES,0,0,NEW YORK PRIVATE BANK & TRUST CORPORATION,NEW YORK PRIV B&TR CORP,1,FRS,NY
3212943,20171231,1,212150.0,875758.0,500,SOUTH WEYMOUTH,UNITED STATES,0,0,SOUTH SHORE BANCORP MHC,SOUTH SHORE BC MHC,6,FRS,MA
3223967,20171231,10,258137.0,1508156.0,500,WICHITA,UNITED STATES,0,0,FIDELITY FINANCIAL CORPORATION,FIDELITY FC,1,FRS,KS
3226762,20171231,2,26004309.0,20060477.0,500,NEW YORK,UNITED STATES,0,0,RBC USA HOLDCO CORPORATION,RBC USA HOLDCO CORP,1,FRS,NY
3232316,20171231,7,27830702.0,79859686.0,500,NEW YORK,UNITED STATES,0,213800JCL1FHBQK3M654,HSBC NORTH AMERICA HOLDINGS INC.,HSBC N AMER HOLDS,1,FRS,NY
3233126,20171231,11,564225.0,2057123.0,500,DALLAS,UNITED STATES,0,5493003RNRMEVYDZ1Q52,"TRIUMPH BANCORP, INC.",TRIUMPH BC,1,FRS,TX
3242838,20171231,6,36428523.0,60739004.0,500,BIRMINGHAM,UNITED STATES,0,CW05CS5KW59QTC0DG824,REGIONS FINANCIAL CORPORATION,REGIONS FC,1,FRS,AL
3244113,20171231,6,376449.0,1538735.0,500,LAWRENCEVILLE,UNITED STATES,0,549300JLP03DPK8XJS68,"BRAND GROUP HOLDINGS, INC.",BRAND GRP HOLD,1,FRS,GA
3254952,20171231,10,939881.0,2002077.0,500,DENVER,UNITED STATES,0,5493009U8SK04U8KEC62,GUARANTY BANCORP,GUARANTY BC,1,FRS,CO
3264764,20171231,3,38098.0,906512.0,500,CLIFTON,UNITED STATES,0,549300NGGUTPJRJMLR63,CLIFTON BANCORP INC.,CLIFTON BC,1,FRS,NJ
3266227,20171231,8,192321.0,1316652.0,500,POPLAR BLUFF,UNITED STATES,0,0,"SOUTHERN MISSOURI BANCORP, INC.",SOUTHERN MO BC,1,FRS,MO
3283587,20171231,8,106798.0,994661.0,500,POPLAR BLUFF,UNITED STATES,0,0,"STERLING BANCSHARES, INC.",STERLING BSHRS,1,FRS,MO
3297481,20171231,1,263435.0,995502.0,500,NEWPORT,UNITED STATES,0,0,"OCEANPOINT FINANCIAL PARTNERS, MHC",OCEANPOINT FNCL PTNR,6,FRS,RI
3306815,20171231,1,216956.0,995616.0,500,WILLIMANTIC,UNITED STATES,0,5493003RM4DO6OTMJD05,SI FINANCIAL GROUP INC,SI FNCL GRP,1,FRS,CT
3316917,20171231,4,574397.0,1866296.0,500,DEFIANCE,UNITED STATES,0,0,FIRST DEFIANCE FINANCIAL CORPORATION,FIRST DEFIANCE FNCL CORP,1,FRS,OH
3325740,20171231,5,184061.0,1682819.0,500,MC LEAN,UNITED STATES,0,549300JNX3M2EENG1F11,"SOUTHERN NATIONAL BANCORP OF VIRGINIA, INC.",SOUTHERN NAT BC OF VA INC,1,FRS,VA
3365858,20171231,1,497714.0,2901347.0,500,SALEM,UNITED STATES,0,0,SALEM FIVE BANCORP,SALEM FIVE BC,6,FRS,MA
3367106,20171231,1,259110.0,865349.0,500,FLORENCE,UNITED STATES,0,0,"FLORENCE BANCORP, MHC",FLORENCE BC MHC,6,FRS,MA
3378764,20171231,9,292539.0,1046811.0,500,BLOOMINGTON,UNITED STATES,0,5493001FLSBTVILKXZ71,"BRIDGEWATER BANCSHARES, INC.",BRIDGEWATER BSHRS,1,FRS,MN
3392331,20171231,6,357399.0,1192276.0,500,HOSCHTON,UNITED STATES,0,0,"HAMILTON STATE BANCSHARES, INC.",HAMILTON ST BSHR,1,FRS,GA
3393178,20171231,7,44686.0,2040255.0,500,FISHERS,UNITED STATES,0,0,FIRST INTERNET BANCORP,FIRST INTERNET BC,1,FRS,IN
3407598,20171231,1,480287.0,1960902.0,500,FARMINGTON,UNITED STATES,0,0,"FIRST CONNECTICUT BANCORP, INC.",FIRST CONNECTICUT BC,1,FRS,CT
3412583,20171231,5,223353.0,42537963.0,500,NEW YORK,UNITED STATES,0,549300LYE2HSVYJFJD24,E*TRADE FINANCIAL CORPORATION,E TRADE FNCL CORP,1,FRS,NY
3439236,20171231,1,191944.0,709191.0,500,ARLINGTON,UNITED STATES,0,549300I0C6XDS6VSVM49,"LEADER BANCORP, INC",LEADER BC,1,FRS,MA
3444717,20171231,1,189471.0,656721.0,500,GORHAM,UNITED STATES,0,0,"GORHAM BANCORP, MHC",GORHAM BC MHC,6,FRS,ME
3444847,20171231,7,61014.0,116009.0,500,CARMEL,UNITED STATES,0,0,"PEDCOR CAPITAL, LLC",PEDCOR CAP LLC,11,FRS,IN
3446346,20171231,4,122160.0,704605.0,500,CORBIN,UNITED STATES,0,0,"FORCHT BANCORP, INC.",FORCHT BC INC,1,FRS,KY
3446412,20171231,2,304695.0,11291646.0,500,NEW YORK,UNITED STATES,0,0,"APPLE FINANCIAL HOLDINGS, INC.",APPLE FNCL HOLD,1,FRS,NY
3447567,20171231,11,270125.0,571564.0,500,COLLEGE STATION,UNITED STATES,0,0,"ADAM BANK GROUP, INC.",ADAM BK GRP,1,FRS,TX
3472176,20171231,11,270416.0,1035517.0,500,HOUSTON,UNITED STATES,0,0,"AFNB HOLDINGS, INC.",AFNB HOLD,1,FRS,TX
3474835,20171231,11,806024.0,2593932.0,500,HOUSTON,UNITED STATES,0,549300YIAJ7MI1E65N94,"GREEN BANCORP, INC.",GREEN BC,1,FRS,TX
3475074,20171231,4,248092.0,3739519.0,500,PITTSBURGH,UNITED STATES,0,5493003JKSPN0881WX29,"TRISTATE CAPITAL HOLDINGS, INC",TRISTATE CAP HLD INC,1,FRS,PA
3488485,20171231,10,412467.0,877374.0,500,MUSKOGEE,UNITED STATES,0,549300Y1D2DJBUBD4N20,"IRONHORSE FINANCIAL GROUP, INC.",IRONHORSE FNCL GRP,1,FRS,OK
3488681,20171231,11,174250.0,1297434.0,500,QUITMAN,UNITED STATES,0,0,"BT HOLDINGS, INC.",BT HOLD,1,FRS,TX
3488850,20171231,6,265354.0,790893.0,500,BATON ROUGE,UNITED STATES,0,549300ILTC50KHDX4A08,"BUSINESS FIRST BANCSHARES, INC.",BUSINESS FIRST BSHRS,1,FRS,LA
3489594,20171231,12,2239474.0,3859047.0,500,IRVINE,UNITED STATES,0,549300Q1KIC3KLI0XG98,"PACIFIC PREMIER BANCORP, INC.",PACIFIC PREMIER BC,1,FRS,CA
3530786,20171231,7,952723.0,1991026.0,500,CARMEL,UNITED STATES,0,0,MERCHANTS BANCORP,MERCHANTS BC,1,FRS,IN
3536386,20171231,6,888321.0,2674253.0,500,CLEARWATER,UNITED STATES,0,0,"USAMERIBANCORP, INC.",USAMERIBANCORP,1,FRS,FL
3547010,20171231,1,21982.0,853533.0,500,SPENCER,UNITED STATES,0,0,SSB COMMUNITY BANCORP MHC,SSB CMNTY BC MHC,6,FRS,MA
3547159,20171231,6,174708.0,1142863.0,500,FORT MYERS,UNITED STATES,0,0,"FINEMARK HOLDINGS, INC.",FINEMARK HOLD,1,FRS,FL
3547999,20171231,1,212100.0,2556214.0,500,BANGOR,UNITED STATES,0,0,"BANGOR BANCORP, MHC",BANGOR BC MHC,6,FRS,ME
3551389,20171231,6,697144.0,1588687.0,500,BIRMINGHAM,UNITED STATES,0,5493006VAYIZL456AS87,NATIONAL COMMERCE CORPORATION,NATIONAL CMRC CORP,1,FRS,AL
3553815,20171231,2,172638.0,1225766.0,500,NEW CANAAN,UNITED STATES,0,5493004NUBQXPY84NX67,"BANKWELL FINANCIAL GROUP, INC.",BANKWELL FNCL GRP,1,FRS,CT
3555686,20171231,6,732442.0,1718223.0,500,ATLANTA,UNITED STATES,0,5493005URKIOUNJO6097,"ATLANTIC CAPITAL BANCSHARES, INC.",ATLANTIC CAP BSHRS,1,FRS,GA
3577419,20171231,6,76831.0,600890.0,500,TAMPA,UNITED STATES,0,5493008ATL42O3U2YM84,"HOMEBANCORP, INC.",HOMEBANCORP,1,FRS,FL
3587146,20171231,2,77296000.0,52294000.0,500,NEW YORK,UNITED STATES,0,WFLLPEPC7FZXENRZV188,"BANK OF NEW YORK MELLON CORPORATION, THE",BANK OF NY MELLON CORP,1,FRS,NY
3589560,20171231,6,251617.0,1297669.0,500,HAMMOND,UNITED STATES,0,0,"FIRST GUARANTY BANCSHARES, INC.",FIRST GUARANTY BSHRS,1,FRS,LA
3590388,20171231,12,1014169.0,1134567.0,500,NOVATO,UNITED STATES,0,0,BANK OF MARIN BANCORP,BANK OF MARIN BC,1,FRS,CA
3594872,20171231,11,242149.0,2361691.0,500,BEAUMONT,UNITED STATES,0,0,"CBTX, INC.",CBTX,1,FRS,TX
3595084,20171231,12,319025.0,932264.0,500,LOS ANGELES,UNITED STATES,0,549300E5CI0LZ8Q25890,PACIFIC CITY FINANCIAL CORPORATION,PACIFIC CITY FC,1,FRS,CA
3602245,20171231,12,177579.0,1236311.0,500,SANTA ROSA,UNITED STATES,0,0,FIRST COMMUNITY HOLDINGS,FIRST CMNTY HOLD,1,FRS,CA
3606542,20171231,3,41689589.0,222423545.0,500,WILMINGTON,UNITED STATES,0,549300ARWZ5E3L64UH29,TD GROUP US HOLDINGS LLC,TD GRP US HOLDS LLC,11,FRS,DE
3612543,20171231,7,328705.0,795459.0,500,FARMINGTON HILLS,UNITED STATES,0,0,"LEVEL ONE BANCORP, INC.",LEVEL ONE BC,1,FRS,MI
3632493,20171231,12,83406.0,830645.0,500,RIVERSIDE,UNITED STATES,0,0,"PROVIDENT FINANCIAL HOLDINGS, INC.",PROVIDENT FNCL HOLD,1,FRS,CA
3635319,20171231,6,1440326.0,4651348.0,500,HOMEWOOD,UNITED STATES,0,0,"SERVISFIRST BANCSHARES, INC.",SERVISFIRST BSHRS,1,FRS,AL
3637582,20171231,6,272172.0,2895056.0,500,FRANKLIN,UNITED STATES,0,0,"FRANKLIN FINANCIAL NETWORK, INC.",FRANKLIN FNCL NETWORK,1,FRS,TN
3650152,20171231,2,8018244.0,25053764.0,500,BRIDGEPORT,UNITED STATES,0,ROPY7PEPIPIDJNF0BO69,"PEOPLE'S UNITED FINANCIAL, INC.",PEOPLES UNITED FNCL INC,1,FRS,CT
3687046,20171231,5,153028.0,942736.0,500,RICHMOND,UNITED STATES,0,549300FKOFQ1R5SK6I07,COMMUNITY BANKERS TRUST CORPORATION,COMMUNITY BKR TR CORP,1,FRS,VA
3728930,20171231,1,183035.0,1486818.0,500,EASTHAMPTON,UNITED STATES,0,0,HOMETOWN FINANCIAL GROUP MHC,HOMETOWN FNCL GRP MHC,6,FRS,MA
3742020,20171231,1,223855.0,1823458.0,500,NORWOOD,UNITED STATES,0,0,"BLUE HILLS BANCORP, INC.",BLUE HILLS BC,1,FRS,MA
3744239,20171231,11,684866.0,1530864.0,500,HOUSTON,UNITED STATES,0,0,"ALLEGIANCE BANCSHARES, INC.",ALLEGIANCE BSHRS,1,FRS,TX
3762457,20171231,6,2515901.0,5305034.0,500,MIAMI,UNITED STATES,0,549300Q1P45VKM114147,"BCI FINANCIAL GROUP, INC.",BCI FNCL GRP,1,FRS,FL
3802250,20171231,11,468245.0,783590.0,500,HOUSTON,UNITED STATES,0,0,"POST OAK BANCSHARES, INC.",POST OAK BSHRS,1,FRS,TX
3808131,20171231,6,72832.0,1219519.0,500,FARRAGUT,UNITED STATES,0,0,"EDUCATIONAL SERVICES OF AMERICA, INC.",EDUCATIONAL SVC OF AMER,1,FRS,TN
3811832,20171231,12,1090900.0,1286029.0,500,LOS ANGELES,UNITED STATES,0,0,"GRANDPOINT CAPITAL, INC.",GRANDPOINT CAP,1,FRS,CA
3814208,20171231,12,43170.0,3934903.0,500,SANTA ROSA,UNITED STATES,0,5493007YRUZ4ZDZM0J48,LUTHER BURBANK CORPORATION,LUTHER BURBANK CORP,1,FRS,CA
3814310,20171231,12,905477.0,6487756.0,500,SAN DIEGO,UNITED STATES,0,0,"BOFI HOLDING, INC.",BOFI HOLD,1,FRS,CA
3815157,20171231,6,9405.0,18716263.0,500,SAINT PETERSBURG,UNITED STATES,0,RGUZHJ05YTITL6D76949,"RAYMOND JAMES FINANCIAL, INC.",RAYMOND JAMES FNCL,1,FRS,FL
3818804,20171231,11,58048.0,4056274.0,500,PLANO,UNITED STATES,0,254900R8XI23F3NGR652,BEAL FINANCIAL CORPORATION,BEAL FNCL CORP,1,FRS,TX
3821372,20171231,11,434146.0,210299.0,500,FORT WORTH,UNITED STATES,0,0,FIRST WESTERN MORTGAGE CORPORATION,FIRST WESTERN MTG CORP,1,FRS,TX
3821916,20171231,11,12495.0,674652.0,500,FORT WORTH,UNITED STATES,3823321,549300KKA8UHKS7KOK34,"FIRST COMMAND FINANCIAL SERVICES, INC.",FIRST COMMAND FNCL SVC,1,FRS,TX
3823844,20171231,11,2820874.0,3110188.0,500,DALLAS,UNITED STATES,4970802,549300H29S945S4X7A03,"NEXBANK CAPITAL, INC.",NEXBANK CAP,1,FRS,TX
3824373,20171231,1,326653.0,887270.0,500,RIDGEFIELD,UNITED STATES,0,0,"FAIRFIELD COUNTY BANK, MHC",FAIRFIELD CTY BK MHC,6,FRS,CT
3828036,20171231,4,179611.0,8204651.0,500,CLEVELAND,UNITED STATES,0,0,"THIRD FEDERAL SAVINGS AND LOAN ASSOCIATION OF CLEVELAND, MHC",THIRD FS&LA OF CLEVELAND MHC,6,FRS,OH
3831250,20171231,4,382598.0,1603487.0,500,YOUNGSTOWN,UNITED STATES,0,0,UNITED COMMUNITY FINANCIAL CORPORATION,UNITED COMMUNITY FNCL CORP,1,FRS,OH
3831326,20171231,4,142152.0,802646.0,500,WASHINGTON,UNITED STATES,0,0,WFSB MUTUAL HOLDING COMPANY,WFSB MUTUAL HOLDING CO,6,FRS,PA
3831465,20171231,5,74101.0,528222.0,500,ANNAPOLIS,UNITED STATES,0,0,"SEVERN BANCORP, INC.",SEVERN BC,1,FRS,MD
3832583,20171231,3,1595.0,809315.0,500,MOUNT LAUREL,UNITED STATES,0,0,MARLIN BUSINESS SERVICES CORP.,MARLIN BUS SVC CORP,1,FRS,NJ
3835164,20171231,10,411050.0,653060.0,500,GREENWOOD VILLAGE,UNITED STATES,0,0,"SILVER QUEEN FINANCIAL SERVICES, INC.",SILVER QUEEN FS,1,FRS,CO
3836880,20171231,3,936138.0,0.0,500,EWING,UNITED STATES,4439354,0,CENLAR CAPITAL CORPORATION,CENLAR CAP CORP,1,FRS,NJ
3838727,20171231,11,2411849.0,5566270.0,500,DALLAS,UNITED STATES,0,54930010TA543US0PM65,"HILLTOP HOLDINGS, INC",HILLTOP HOLD,1,FRS,TX
3839201,20171231,6,69430.0,1059299.0,500,LAKE CITY,UNITED STATES,3846405,0,"FIRST FEDERAL BANCORP, INC.",FIRST FED BC,6,FRS,FL
3839902,20171231,6,100156.0,502011.0,500,MACON,UNITED STATES,0,0,MIDCOUNTRY FINANCIAL CORP,MIDCOUNTRY FNCL CORP,1,FRS,GA
3841941,20171231,10,79068.0,1211205.0,500,GRANDVIEW,UNITED STATES,0,0,"NASB FINANCIAL, INC.",NASB FNCL,1,FRS,MO
3842658,20171231,12,1100704.0,2346224.0,500,IRVINE,UNITED STATES,0,0,FIRST FOUNDATION INC.,FIRST FOUND,1,FRS,CA
3842957,20171231,12,1811139.0,4130364.0,710,HONOLULU,UNITED STATES,0,JJ8FWOCWCV22X7GUPJ23,"HAWAIIAN ELECTRIC INDUSTRIES, INC.",HAWAIIAN ELEC IND,1,FRS,HI
3843075,20171231,7,64877.0,109426.0,720,RENO,UNITED STATES,0,E0KSF7PFQ210NWI8Z391,JOHN DEERE CAPITAL CORPORATION,JOHN DEERE CAP CORP,1,FRS,NV
3843507,20171231,12,980902.0,3779463.0,500,SEATTLE,UNITED STATES,0,0,"HOMESTREET, INC.",HOMESTREET,1,FRS,WA
3843628,20171231,12,49944.0,794068.0,500,RENTON,UNITED STATES,0,549300F9IPXLCC3K7B36,"FIRST FINANCIAL NORTHWEST, INC.",FIRST FNCL NW,1,FRS,WA
3844269,20171231,3,1420760.0,3826844.0,500,WILMINGTON,UNITED STATES,0,549300SU7VQHD6QRG886,WSFS FINANCIAL CORPORATION,WSFS FNCL CORP,1,FRS,DE
3846106,20171231,1,218641.0,1156531.0,500,LEBANON,UNITED STATES,0,0,MASCOMA MUTUAL FINANCIAL SERVICES CORPORATION,MASCOMA MUT FS CORP,6,FRS,NH
3846375,20171231,7,630244.0,58164874.0,500,RIVERWOODS,UNITED STATES,0,Z1YLO2USPORE63VVUL20,DISCOVER FINANCIAL SERVICES,DISCOVER FS,1,FRS,IL
3846629,20171231,3,563720.0,3598283.0,500,PHILADELPHIA,UNITED STATES,0,549300UVKO9II371BH47,"BENEFICIAL BANCORP, INC.",BENEFICIAL BC,1,FRS,PA
3848931,20171231,7,171037.0,357467.0,500,CARMEL,UNITED STATES,0,0,"PEDCOR FINANCIAL, LLC",PEDCOR FNCL LLC,11,FRS,IN
3851191,20171231,6,465715.0,1404228.0,500,LAFAYETTE,UNITED STATES,0,0,"HOME BANCORP, INC.",HOME BC,1,FRS,LA
3852022,20171231,7,2138542.0,6885365.0,500,TROY,UNITED STATES,4223937,549300Q22V2Y3J4R2715,"FLAGSTAR BANCORP, INC.",FLAGSTAR BC,1,FRS,MI
3852031,20171231,7,96957.0,2171428.0,500,SOUTHFIELD,UNITED STATES,0,0,"STERLING BANCORP, INC.",STERLING BC,1,FRS,MI
3854268,20171231,3,151718.0,1110712.0,500,STROUDSBURG,UNITED STATES,0,0,"ESSA BANCORP, INC.",ESSA BC,1,FRS,PA
3866382,20171231,1,72553.0,1436870.0,500,WESTFIELD,UNITED STATES,0,549300Y8QE4EI2LP6B42,"WESTERN NEW ENGLAND BANCORP, INC.",WESTERN NEW ENGLAND BC,1,FRS,MA
3884863,20171231,5,57868.0,2202395.0,500,WILMINGTON,UNITED STATES,0,0,"LIVE OAK BANCSHARES, INC.",LIVE OAK BSHRS,1,FRS,NC
3903661,20171231,10,291081.0,2012457.0,500,LEAWOOD,UNITED STATES,0,0,"CROSSFIRST BANKSHARES, INC.",CROSSFIRST BSHRS,1,FRS,KS
3912766,20171231,1,246472.0,778470.0,500,NAUGATUCK,UNITED STATES,0,0,ION FINANCIAL MHC,ION FNCL MHC,6,FRS,CT
3922466,20171231,5,422732.0,1184397.0,500,RESTON,UNITED STATES,0,549300UEM4C23DHLT013,"WASHINGTONFIRST BANKSHARES, INC.",WASHINGTONFIRST BSHRS INC,1,FRS,VA
3929791,20171231,1,222309.0,1535800.0,500,BELMONT,UNITED STATES,0,0,BSB BANCORP INC.,BSB BC,1,FRS,MA
3932072,20171231,1,1049802.0,2994725.0,500,NATICK,UNITED STATES,0,0,MIDDLESEX BANCORP MHC,MIDDLESEX BC MHC,6,FRS,MA
3934562,20171231,6,285318.0,1106894.0,500,ORLANDO,UNITED STATES,0,0,"THREE SHORES BANCORPORATION, INC.",THREE SHORES BC,1,FRS,FL
3944628,20171231,6,1236685.0,7437242.0,500,WESTON,UNITED STATES,0,0,"FCB FINANCIAL HOLDINGS, INC.",FCB FNCL HOLDS,1,FRS,FL
3954681,20171231,12,65007.0,1547578.0,500,HONOLULU,UNITED STATES,0,5493003VDUGN5KBPTN24,TERRITORIAL BANCORP INC.,TERRITORIAL BC,1,FRS,HI
3973888,20171231,10,901439.0,3077120.0,500,GREENWOOD VILLAGE,UNITED STATES,0,0,NATIONAL BANK HOLDINGS CORPORATION,NATIONAL BK HOLDS CORP,1,FRS,CO
3981856,20171231,1,10697026.0,41136303.0,500,BOSTON,UNITED STATES,0,0,"SANTANDER HOLDINGS USA, INC.",SANTANDER HOLDS USA,1,FRS,MA
4028712,20171231,6,3202332.0,18716447.0,500,MIAMI LAKES,UNITED STATES,0,96OVUWEW5D4YX6PFXD91,"BANKUNITED, INC.",BANKUNITED,1,FRS,FL
4036324,20171231,6,1191106.0,3052029.0,500,ATLANTA,UNITED STATES,0,0,STATE BANK FINANCIAL CORPORATION,STATE BK FNCL CORP,1,FRS,GA
4037349,20171231,11,2242765.0,6766699.0,500,HOUSTON,UNITED STATES,0,5493005W0IKYDE6MWK10,CADENCE BANCORP LLC,CADENCE BC LLC,11,FRS,TX
4057262,20171231,12,996338.0,157367.0,500,PASADENA,UNITED STATES,0,0,GREEN DOT CORPORATION,GREEN DOT CORP,1,FRS,CA
4090054,20171231,6,216600.0,1008637.0,500,BATON ROUGE,UNITED STATES,0,54930001EK2YM28LOJ08,INVESTAR HOLDING CORPORATION,INVESTAR HC,1,FRS,LA
4105266,20171231,11,652218.0,1690694.0,500,DALLAS,UNITED STATES,0,549300F3SMOML02SC814,"VERITEX HOLDINGS, INC.",VERITEX HOLD,1,FRS,TX
4122722,20171231,4,1775834.0,6140254.0,500,WARREN,UNITED STATES,0,0,NORTHWEST BANCSHARES INC,NORTHWEST BSHRS,1,FRS,PA
4176855,20171231,12,285691.0,1051591.0,500,LOS ANGELES,UNITED STATES,0,549300A23FBFZNGET525,RBB BANCORP,RBB BC,1,FRS,CA
4191465,20171231,11,1638838.0,5132061.0,500,PLANO,UNITED STATES,0,0,"LEGACYTEXAS FINANCIAL GROUP, INC.",LEGACYTEXAS FNCL GRP,1,FRS,TX
4226910,20171231,10,297080.0,5015596.0,500,TOPEKA,UNITED STATES,0,0,"CAPITOL FEDERAL FINANCIAL, INC.",CAPITOL FED FNCL,1,FRS,KS
4251499,20171231,6,580716.0,1175312.0,500,FORT PIERCE,UNITED STATES,0,0,"HCBF HOLDING COMPANY, INC.",HCBF HC,1,FRS,FL
4268349,20171231,1,138882.0,816358.0,500,TEWKSBURY,UNITED STATES,0,0,LOWELL FIVE BANCORP MHC,LOWELL FIVE BC MHC,6,FRS,MA
4272869,20171231,12,396069.0,930270.0,500,HAGATNA,GUAM,0,0,BANKGUAM HOLDING COMPANY,BANKGUAM HC,1,FRS,GU
4284536,20171231,3,1053117.0,5748027.0,500,WYOMISSING,UNITED STATES,0,549300WLBCHYKZ53FN68,"CUSTOMERS BANCORP, INC",CUSTOMERS BC,1,FRS,PA
4297853,20171231,8,218479.0,1282110.0,500,LITTLE ROCK,UNITED STATES,0,0,"BEAR STATE FINANCIAL HOLDINGS, LLC",BEAR ST FNCL HOLDINGS LLC,11,FRS,AR
4360113,20171231,6,206142.0,923624.0,500,NAPLES,UNITED STATES,0,0,"TGR FINANCIAL, INC.",TGR FNCL,1,FRS,FL
4366003,20171231,5,348133.0,1768637.0,500,ASHEVILLE,UNITED STATES,0,0,"HOMETRUST BANCSHARES, INC.",HOMETRUST BSHRS,1,FRS,NC
4369808,20171231,1,117486.0,2532801.0,500,HARWICH PORT,UNITED STATES,0,0,CAPE COD FIVE MUTUAL COMPANY,CAPE COD FIVE MUT CO,6,FRS,MA
4436559,20171231,1,52930.0,1264024.0,500,CONCORD,UNITED STATES,0,0,NEW HAMPSHIRE MUTUAL BANCORP,NEW HAMPSHIRE MUT BC,6,FRS,NH
4438366,20171231,12,156365.0,730741.0,500,PORT ANGELES,UNITED STATES,0,549300YDR3VSTKB9DQ65,FIRST NORTHWEST BANCORP,FIRST NORTHWEST BC,1,FRS,WA
4459839,20171231,6,244720.0,1111843.0,500,WEST POINT,UNITED STATES,0,0,CHARTER FINANCIAL CORPORATION,CHARTER FC,1,FRS,GA
4503901,20171231,6,125041.0,697540.0,500,HUNTSVILLE,UNITED STATES,0,0,PROGRESS FINANCIAL CORPORATION,PROGRESS FC,1,FRS,AL
4504654,20171231,3,211540.0,56276909.0,500,STAMFORD,UNITED STATES,0,549300RS7EWPM9MA6C78,SYNCHRONY FINANCIAL,SYNCHRONY FNCL,1,FRS,CT
4505606,20171231,11,194387.0,737201.0,500,AUSTIN,UNITED STATES,3633052,5493007TYXJ94TXWM597,"PIONEER BANCSHARES, INC.",PIONEER BSHRS,1,FRS,TX
4523431,20171231,7,37803.0,954076.0,500,WAUWATOSA,UNITED STATES,0,5493002KM21XRC2DCQ02,"WATERSTONE FINANCIAL, INC.",WATERSTONE FNCL,1,FRS,WI
4759669,20171231,11,1807138.0,2371958.0,500,DALLAS,UNITED STATES,0,0,"EB ACQUISITION COMPANY, LLC",EB ACQ CO LLC,11,FRS,TX
4809920,20171231,9,1932080.0,7092105.0,500,SIOUX FALLS,UNITED STATES,0,5493004X4OTHDTFBHI90,"GREAT WESTERN BANCORP, INC.",GREAT WESTERN BC,1,FRS,SD
4843090,20171231,4,186901.0,1254840.0,500,LAKEWOOD,UNITED STATES,0,0,FIRST MUTUAL HOLDING CO.,FIRST MUT HOLD CO,6,FRS,OH
4846998,20171231,2,4340.0,47984688.0,500,NEW YORK,UNITED STATES,0,549300E4FV1ZVP4KGQ95,UBS AMERICAS HOLDING LLC,UBS AMERS HOLD LLC,11,FRS,NY
4933272,20171231,6,301742.0,818124.0,500,NASHVILLE,UNITED STATES,0,0,"CAPSTAR FINANCIAL HOLDINGS, INC.",CAPSTAR FNCL HOLDS,1,FRS,TN
4973362,20171231,1,264760.0,1756234.0,500,BROCKTON,UNITED STATES,0,0,HARBORONE MUTUAL BANCSHARES,HARBORONE MUT BSHRS,6,FRS,MA
5006575,20171231,2,64000.0,24563000.0,500,NEW YORK,UNITED STATES,0,0,BARCLAYS US LLC,BARCLAYS US LLC,11,FRS,NY
5014141,20171231,7,5970941.0,11411923.0,500,CHICAGO,UNITED STATES,0,0,CIBC BANCORP USA INC.,CIBC BC USA,1,FRS,IL
5034792,20171231,2,787000.0,2781000.0,500,NEW YORK,UNITED STATES,0,0,MIZUHO AMERICAS LLC,MIZUHO AMERS LLC,11,FRS,NY
5039724,20171231,5,174686.0,722255.0,500,RESTON,UNITED STATES,0,0,"JOHN MARSHALL BANCORP, INC.",JOHN MARSHALL BC,1,FRS,VA
5045444,20171231,2,198811.0,730320.0,500,NEWTOWN,UNITED STATES,0,0,NSB MUTUAL HOLDING COMPANY,NSB MUT HC,1,FRS,CT
5069897,20171231,12,327308.0,776996.0,500,WALNUT CREEK,UNITED STATES,0,549300UOLS54Q5ONIG33,BAYCOM CORP,BAYCOM CORP,1,FRS,CA
5079476,20171231,2,151479.0,972424.0,500,YORKTOWN HEIGHTS,UNITED STATES,0,0,PCSB FINANCIAL CORPORATION,PCSB FC,1,FRS,NY
5117323,20171231,1,354098.0,635384.0,500,KENNEBUNK,UNITED STATES,0,0,"KENNEBUNK SAVINGS BANCORP, MHC",KENNEBUNK SVGS BC MHC,6,FRS,ME
5119363,20171231,8,2022.0,15070.0,500,SAINT LOUIS,UNITED STATES,0,549300IYPEEU6O6OCU81,"PARAMOUNT FINANCIAL GROUP, LLC",PARAMOUNT FNCL GRP LLC,11,FRS,MO
5124938,20171231,12,203641.0,692080.0,500,LOS ANGELES,UNITED STATES,0,0,"CBB BANCORP, INC.",CBB BC,1,FRS,CA
