source,id,lender_TopName,Match_Type,highest_parent_id,RSSD,CU_NAME
1.0,1003790,USE CREDIT UNION,Credit Union,,1003790.0,U. S. EMPLOYEES
1.0,100393,FRANKENMUTH CREDIT UNION,Credit Union,,100393.0,FRANKENMUTH
3.0,100571,DEPARTMENT OF LABOR FCU,Credit Union,,100571.0,DEPT OF LABOR
1.0,1025608,FIRST HAWAIIAN INC,BHC,,,
3.0,1026801,FREMONT BANCORPORATION,BHC,,,
3.0,1027004,ZIONS BC,BHC,,,
1.0,1030040,BANK OF CMRC HOLD,BHC,,,
1.0,1030170,TRICO BANCSHARES,BHC,,,
2.0,1031449,SVB FINANCIAL GROUP,BHC,,,
1.0,1031588,LEARNER FC,BHC,,,
1.0,1037003,M&T BANK CORPORATION,BHC,,,
1.0,1039502,JPMORGAN CHASE & CO,BHC,,,
1.0,1048513,TRUSTCO BANK CORP NY,BHC,,,
2.0,1048728,BALLSTON SPA BANCORP INC,BHC,,,
1.0,1048773,VALLEY NATIONAL BANCORP,BHC,,,
3.0,1048867,COMMUNITY BANK SYSTEM INC,BHC,,,
1.0,1048894,FIRST OF LONG ISLAND CORPORATION THE,BHC,,,
1.0,1049828,UMB FINANCIAL CORPORATION,BHC,,,
1.0,1057962,QUAIL CREEK BANCSHARES INC,BHC,,,
1.0,1057980,ARKANSAS VALLEY BANCSHARES INC,BHC,,,
3.0,1062135,SPIRIT BANKCORP INC,BHC,,,
1.0,1064278,INTRUST FINANCIAL CORPORATION,BHC,,,
1.0,1068025,KEYCORP,BHC,,,
1.0,1068191,HUNTINGTON BANCSHARES INCORPORATED,BHC,,,
1.0,1069778,PNC FINANCIAL SERVICES GROUP INC THE,BHC,,,
1.0,1070345,FIFTH THIRD BANCORP,BHC,,,
1.0,1070448,WESBANCO INC,BHC,,,
1.0,1070644,COMMUNITY TRUST BANCORP INC,BHC,,,
1.0,1070804,FIRSTMERIT CORP,No Match,,,
1.0,1073757,BANK OF AMERICA CORPORATION,BHC,,,
1.0,1074156,BB&T CORPORATION,BHC,,,
1.0,1076208,YORK BANCSHARES INC,BHC,,,
1.0,1076673,OLD POINT FINANCIAL CORPORATION,BHC,,,
1.0,1076703,VIRGINIA COMMUNITY BANKSHARES INC,BHC,,,
1.0,1078846,SYNOVUS FINANCIAL CORP,BHC,,,
1.0,1079562,TRUSTMARK CORPORATION,BHC,,,
1.0,1080803,VOLUNTEER STATE BANCSHARES INC,BHC,,,
1.0,1082067,AMERIS BANCORP,BHC,,,
1.0,1084511,COMMUNITY BK OF S FL,No Match,,,
1.0,1085460,CLINTON BANCSHARES INC,BHC,,,
1.0,1086533,HANCOCK WHITNEY CORPORATION,BHC,,,
1.0,1094314,CENTRAL BANCOMPANY INC,BHC,,,
1.0,1094613,DELTA BANCSHARES COMPANY,BHC,,,
1.0,1094640,FIRST HORIZON CORPORATION,BHC,,,
1.0,1094828,SIMMONS FIRST NATIONAL CORPORATION,BHC,,,
3.0,1095674,ARVEST BANK GROUP INC,BHC,,,
1.0,1095722,TOWN & COUNTRY BANCSHARES INC,BHC,,,
1.0,1095843,MAGNOLIA BANCSHARES INC,BHC,,,
3.0,1095889,FIRST ILLINOIS BANCORP INC,BHC,,,
1.0,1097025,REPUBLIC BANCORP INC,BHC,,,
1.0,1098303,OLD NATIONAL BANCORP,BHC,,,
1.0,1099896,MOSCOW BANCSHARES INC,BHC,,,
1.0,1099917,FIRST STATE BANCSHARES INC,BHC,,,
3.0,1101726,TEXAS GULF BANCSHARES INC,BHC,,,
1.0,1103391,COMMERCE BANCSHARES INC,BHC,,,
1.0,1104567,CENDERA FINANCIAL HOLDINGS INC,BHC,,,
1.0,1107184,SOUTHERN BANCSHARES INC,BHC,,,
3.0,1109553,VAN ALSTYNE FINANCIAL CORPORATION,BHC,,,
1.0,1109599,PROSPERITY BANCSHARES INC,BHC,,,
1.0,1116609,UNIVEST FINANCIAL CORPORATION,BHC,,,
1.0,1118948,COMMONWEALTH BANCSHARES INC,BHC,,,
2.0,1119794,US BANCORP,BHC,,,
1.0,1120754,WELLS FARGO & COMPANY,BHC,,,
3.0,1123670,FIRST INTERSTATE BANCSYSTEM INC,BHC,,,
1.0,1129382,POPULAR INC,BHC,,,
1.0,1129690,TRIAD BANCSHARES INC,BHC,,,
1.0,1131497,SMARTFINANCIAL INC,BHC,,,
1.0,1131602,DEVON BANCORP INC,BHC,,,
1.0,1131787,SUNTRUST BANKS INC,BHC,,,
1.0,1133428,QUINLAN BANCSHARES INC,BHC,,,
1.0,1133503,CANANDAIGUA NATIONAL CORPORATION,BHC,,,
1.0,1134564,FIRST INDEPENDENCE CORPORATION,BHC,,,
1.0,1136577,MACON BANCTRUST INC,BHC,,,
1.0,1136661,OCEAN BANKSHARES INC,BHC,,,
3.0,1137453,FORESIGHT FINANCIAL GROUP INC,BHC,,,
3.0,113777,ADVANCIAL FEDERAL CREDIT UNION,Credit Union,,113777.0,ADVANCIAL
1.0,1138393,WARREN COUNTY BANCSHARES INC,BHC,,,
2.0,1139279,NBT BANCORP INC,BHC,,,
3.0,1139345,TRICOUNTY FINANCIAL GROUP INC,BHC,,,
1.0,1139541,PEOPLES FINANCIAL SERVICES CORPORATION,BHC,,,
1.0,1145476,WEBSTER FINANCIAL CORPORATION,BHC,,,
1.0,1199563,ASSOCIATED BANCCORP,BHC,,,
1.0,1199844,COMERICA INCORPORATED,BHC,,,
1.0,1201671,BTC FINANCIAL CORPORATION,BHC,,,
1.0,1201934,TCF FINANCIAL CORPORATION,BHC,,,
1.0,1203602,FIRST BUSEY CORPORATION,BHC,,,
1.0,1204560,FIRST BANCSHARES INC,BHC,,,
3.0,1205585,FREEPORT BANCSHARES INC,BHC,,,
1.0,1206546,HEARTLAND FINANCIAL USA INC,BHC,,,
3.0,1206603,MANHATTAN BANCSHARES INC,BHC,,,
1.0,1206760,FIRST MID BANCSHARES INC,BHC,,,
1.0,1208184,FIRST MIDWEST BANCORP INC,BHC,,,
1.0,1208559,FIRST MERCHANTS CORPORATION,BHC,,,
1.0,1208906,LAKELAND FINANCIAL CORPORATION,BHC,,,
1.0,1209136,HORIZON BANCORP INC,BHC,,,
3.0,1210749,MSB BANCORPORATION INC,BHC,,,
2.0,1231333,BANK OF MONTREAL,No Match,,,
1.0,1231968,BNP PARIBAS,No Match,,,
1.0,1232497,ROYAL BANK OF CANADA,No Match,,,
1.0,1238565,TORONTODOMINION BANK THE,No Match,,,
1.0,1239254,BANCO SANTANDER SA,No Match,,,
1.0,1242423,DEUTSCHE BANK AKTIENGESELLSCHAFT,No Match,,,
1.0,1245705,WEST SUBURBAN BANCORP INC,BHC,,,
1.0,1246467,TAMPA BAY BKG CO,BHC,,,
2.0,1248304,SANDY SPRING BANCORP INC,BHC,,,
1.0,1250099,SEMPERVERDE HOLDING CO,No Match,,,
1.0,129787,FORT LEE FEDERAL CREDIT UNION,Credit Union,,129787.0,HOMEBASE
1.0,131780,HOPEWELL FEDERAL CU,Credit Union,,131780.0,HOPEWELL
1.0,1391237,BANCO BILBAO VIZCAYA ARGENTARIA SA,No Match,,,
3.0,1404735,PTB CORPORATION,BHC,,,
1.0,1404799,LAKELAND BANCORP INC,BHC,,,
1.0,1427444,GREAT LAKES FNCL RESRCS ESOP,No Match,,,
1.0,146579,DOWNRIVER COMMUNITY FEDERAL CU,Credit Union,,146579.0,DOWNRIVER COMMUNITY
1.0,148498,PEOPLE DRIVEN CREDIT UNION,Credit Union,,148498.0,PEOPLE DRIVEN
1.0,1490701,JOHNSON FINANCIAL GROUP INC,BHC,,,
2.0,1491351,MIDLAND STATES BANCORP INC,BHC,,,
2.0,1491717,FARMINGTON BANCORP INC,BHC,,,
1.0,1491904,ROYAL BANCSHARES INC,BHC,,,
3.0,1493319,GATEWAY BANK FSB,Call_Parent,,,
2.0,1496253,UNIVERSITY BANCORP INC,BHC,,,
1.0,1562859,ALLY FINANCIAL INC,BHC,,,
1.0,156774,UNITY CATHOLIC FCU,Credit Union,,156774.0,UNITY CATHOLIC
2.0,1583836,MUTUAL OF OMAHA INSURANCE COMPANY,No Match,,,
1.0,1647970,CREDIT SUISSE GROUP AG,No Match,,,
3.0,172886,FRONT ROYAL FCU,Credit Union,,172886.0,FRONT ROYAL
3.0,175980,PURDUE FEDERAL CREDIT UNION,Credit Union,,175980.0,PURDUE
3.0,1848003,CASCADE BC,No Match,,,
3.0,18489,APL FEDERAL CREDIT UNION,Credit Union,,18489.0,APL
3.0,1860863,CBX CORPORATION,BHC,,,
1.0,1862036,GUARANTY BANCSHARES INC,BHC,,,
1.0,1866155,PEOPLESSOUTH BANCSHARES INC,BHC,,,
1.0,1885307,ORIGIN BANCORP INC,BHC,,,
1.0,1902651,MERIDIAN BANCORP INC,BHC,,,
2.0,1951350,CITIGROUP INC,BHC,,,
1.0,1971693,ATLANTIC UNION BANKSHARES CORPORATION,BHC,,,
1.0,198390,TEAM ONE CREDIT UNION,Credit Union,,198390.0,TEAM ONE
2.0,2016340,FIRST COMMUNITY BANCORP INC,BHC,,,
3.0,2022734,MERCHANTS AND MANUFACTURERS BANK CORPORATION,BHC,,,
1.0,2038409,HAWTHORN BANCSHARES INC,BHC,,,
3.0,2072793,COMMUNITY BANCSHARES EMPLOYEE STOCK OWNERSHIP PLAN,No Match,,,
3.0,2078816,COLUMBIA BANKING SYSTEM INC,BHC,,,
3.0,2126977,BANNER CORPORATION,BHC,,,
1.0,2127068,ALLIANCE BANCSHARES INC,BHC,,,
1.0,2162966,MORGAN STANLEY,BHC,,,
1.0,2260406,WINTRUST FINANCIAL CORPORATION,BHC,,,
1.0,2264404,NEXTIER INCORPORATED,BHC,,,
1.0,2277860,CAPITAL ONE FINANCIAL CORPORATION,BHC,,,
1.0,2291914,IBERIABANK CORPORATION,BHC,,,
2.0,2337081,PASSUMPSIC BANCORP,BHC,,,
1.0,2349815,WESTERN ALLIANCE BANCORPORATION,BHC,,,
1.0,2360043,LAKE ELMO BANCSHARES INC,BHC,,,
3.0,2360454,STOCKMENS FINANCIAL CORPORATION,BHC,,,
1.0,2380443,GOLDMAN SACHS GROUP INC THE,BHC,,,
1.0,2393274,FLUSHING FINANCIAL CORPORATION,BHC,,,
1.0,2402813,MAGNOLIA BANCORP INC,BHC,,,
1.0,240486,SKYPOINT FEDERAL CREDIT UNION,Credit Union,,240486.0,SKYPOINT
3.0,2453084,H BC LLC,BHC,,,
1.0,2461463,SB ONE BANCORP,BHC,,,
1.0,2490575,OFG BANCORP,BHC,,,
1.0,2494153,HOMETOWN FINANCIAL GROUP INC,BHC,,,
1.0,2495039,TAYLOR CAP GRP,No Match,,,
2.0,2507790,CAROLINA FINANCIAL CORPORATION,BHC,,,
3.0,2510192,IRONSTONE BANK,No Match,,,
1.0,2523389,COMMUNITY FINANCIAL CORPORATION THE,BHC,,,
1.0,2533100,ALIKAT INV,BHC,,,
1.0,2539081,SHORE COMMUNITY BANK,Call_Parent,,,
3.0,2571120,COLUMBIA BANK MHC,BHC,,,
2.0,2582827,NORTHWAY FINANCIAL INC,BHC,,,
1.0,2589732,KINDERHOOK BANK CORP,BHC,,,
1.0,2609975,OCEANFIRST FINANCIAL CORP,BHC,,,
2.0,2623430,NARRAGANSETT FINANCIAL CORP,BHC,,,
1.0,2630746,UNITY BANCSHARES LLC,BHC,,,
1.0,2648693,FIRST NIAGARA FNCL GROUP,No Match,,,
2.0,269393,MILLBURY FEDERAL CREDIT UNION,Credit Union,,269393.0,MILLBURY
1.0,2706735,TEXAS CAPITAL BANCSHARES INC,BHC,,,
1.0,271695,SCHOOL EMPL LORAIN CTY CU,Credit Union,,271695.0,ACHIEVE
3.0,2734064,INDEPENDENT ALLIANCE BANKS INC,No Match,,,
2.0,2734233,EAST WEST BANCORP INC,BHC,,,
1.0,2737814,NORTHPOINTE BANCSHARES INC,BHC,,,
1.0,2745604,TOWER FC,No Match,,,
3.0,2747644,UMPQUA HOLDINGS CORPORATION,BHC,,,
1.0,2751388,SOMERSET HILLS BANK,No Match,,,
3.0,2762973,PACIFIC CONTINENTAL CORP,No Match,,,
1.0,2777650,METLIFE BANK NA,No Match,,,
1.0,2784920,1ST CONSTITUTION BANCORP,BHC,,,
1.0,2816474,CENTRIX B&TC,No Match,,,
1.0,2833891,EMPRESAS JUAN YARUR SPA,No Match,,,
1.0,2851653,FNB BC,BHC,,,
1.0,2900261,HANMI FINANCIAL CORPORATION,BHC,,,
1.0,290490,WINGS FINANCIAL CREDIT UNION,Credit Union,,290490.0,WINGS FINANCIAL
1.0,2931331,FARMERS AND MERCHANTS BANCSHARES INC,BHC,,,
1.0,2937100,CONNECTICUT MUTUAL HOLDING COMPANY,BHC,,,
2.0,295981,WRIGHT PATMAN CONGRESSIONAL FEDERAL CREDIT UNION,Credit Union,,295981.0,WRIGHT PATMAN CONGRESSIONAL
3.0,2961879,HOPE BANCORP INC,BHC,,,
3.0,2976396,SIERRA BANCORP,BHC,,,
1.0,2980209,BARCLAYS BANK DELAWARE,Call_Subsidiary,5006575,,
1.0,3010288,C B & T BANCSHARES INC,BHC,,,
1.0,3016338,GEORGIA BANKING COMPANY INC,BHC,,,
3.0,3025385,NORTHRIM BC,BHC,,,
1.0,3035227,JSA FAMILY LIMITED PARTNERSHIP,BHC,,,
1.0,3063622,STIFEL FINANCIAL CORP,BHC,,,
3.0,306681,MARKET USA FEDERAL CREDIT UNION,Credit Union,,306681.0,MARKET USA
1.0,307697,GUARDIANS CREDIT UNION,Credit Union,,307697.0,GUARDIANS
1.0,3083291,STERLING BANCORP,BHC,,,
1.0,309570,1ST MARINER BANK,Call_Parent,,,
1.0,3109904,ACCESS NATIONAL CORPORATION,BHC,,,
3.0,3117329,PREMIER CMRL BC,BHC,,,
1.0,312299,COMMUNITY ALLIANCE CREDIT UNION,No Match,,,
1.0,3140288,INDEPENDENT BANK GROUP INC,BHC,,,
1.0,3146150,US CENTURY BANK,Call_Parent,,,
3.0,3149012,BILTMORE BK OF ARIZONA,No Match,,,
1.0,3153130,BANC OF CALIFORNIA INC,BHC,,,
1.0,3153242,CLAYTON HC,BHC,,,
3.0,3188860,CALWEST BC,BHC,,,
1.0,3211601,MVB FINANCIAL CORP,BHC,,,
1.0,3221217,DCB FC,No Match,,,
1.0,3223828,FLORIDA CAPITAL GROUP INC,BHC,,,
1.0,3233126,TRIUMPH BANCORP INC,BHC,,,
1.0,3242838,REGIONS FINANCIAL CORPORATION,BHC,,,
1.0,324591,BEACON COMMUNITY CREDIT UNION,Credit Union,,324591.0,BEACON COMMUNITY
1.0,3248513,WILSHIRE BC,No Match,,,
1.0,3249109,FIRST TRUST FINANCIAL CORP,BHC,,,
1.0,3253825,LAKEVIEW BANCORPORATION INC,BHC,,,
1.0,3255100,SUNSOUTH BSHRS,BHC,,,
1.0,3274727,COASTALSOUTH BANCSHARES INC,BHC,,,
1.0,329587,BALTIMORE COUNTY EMPLOYEES CU,Credit Union,,329587.0,BALTIMORE COUNTY EMPLOYEES
3.0,3303944,PACIFIC WEST BANK,Call_Parent,,,
1.0,3325740,SOUTHERN NATIONAL BANCORP OF VIRGINIA INC,BHC,,,
1.0,3339046,STONEGATE BANK,No Match,,,
1.0,3342671,ANCHOR COMMERCIAL BANK,Call_Parent,,,
1.0,3344312,TRADITION BANCSHARES INC,BHC,,,
1.0,3353837,PILOT POINT BANCORP INC ESOP,No Match,,,
1.0,3356632,WESTERN ILLINOIS BANCSHARES INC,BHC,,,
1.0,335980,COMMUNITY FOCUS FEDERAL CREDIT UNION,Credit Union,,335980.0,COMMUNITY FOCUS
3.0,3383076,TRIVALLEY BANK,Call_Parent,,,
1.0,3402913,BANESCO USA,Call_Parent,,,
1.0,343088,CARTER FEDERAL CREDIT UNION,Credit Union,,343088.0,CARTER
3.0,344692,WESCOM CENTRAL CREDIT UNION,Credit Union,,344692.0,WESCOM CENTRAL
3.0,3447875,PLAZA BANK,No Match,,,
3.0,3448162,LONE STAR BANK,Call_Parent,,,
1.0,3450521,EVERGREEN BANCSHARES INC,BHC,,,
3.0,3466456,NHB HOLD,No Match,,,
1.0,3470154,US METRO BK,Call_Parent,,,
1.0,3474835,GREEN BANCORP INC,BHC,,,
1.0,3488234,RESERVE FNCL ASSC LLC,BHC,,,
1.0,3488289,COMMUNITY BANCSHARES OF KANSAS INC,No Match,,,
1.0,3489594,PACIFIC PREMIER BANCORP INC,BHC,,,
1.0,3530786,MERCHANTS BANCORP,BHC,,,
1.0,3541483,AVENUE FNCL HOLD,No Match,,,
1.0,3547999,BANGOR BANCORP MHC,BHC,,,
1.0,3551361,HERITAGE BC,No Match,,,
1.0,3559198,FORTIS FINANCIAL INC,BHC,,,
3.0,3559844,WESTERN AZ BC,BHC,,,
1.0,3560756,COLLIN BANK,No Match,,,
1.0,3577419,HOMEBANCORP,BHC,,,
3.0,3587146,BANK OF NEW YORK MELLON CORPORATION THE,BHC,,,
1.0,3592047,GOLDWATER BANK NATIONAL ASSOCIATION,Call_Parent,,,
3.0,3595431,ST ANNE BANCORP INC,BHC,,,
3.0,3609682,TALMER BC,No Match,,,
1.0,3612543,LEVEL ONE BANCORP INC,BHC,,,
1.0,3614958,CALIFORNIA BANK OF COMMERCE,Call_Subsidiary,5116344,,
1.0,3619720,MINEOLA COMMUNITY MUTUAL HOLDING COMPANY,BHC,,,
1.0,3628535,VIRGINIA CMNTY CAP,BHC,,,
1.0,3632000,REGENT CAPITAL CORPORATION,BHC,,,
1.0,3637582,FRANKLIN FINANCIAL NETWORK INC,BHC,,,
3.0,36483,VANTRIA FEDERAL CREDIT UNION,No Match,,,
1.0,3649950,PALOMAR ENTERPRISES LLC,BHC,,,
1.0,3650152,PEOPLES UNITED FINANCIAL INC,BHC,,,
3.0,3654712,NEW JERSEY COMMUNITY BANK,Call_Parent,,,
3.0,366573,ALASKA USA FEDERAL CREDIT UNION,Credit Union,,366573.0,GLOBAL
1.0,367392,ALLIANT CREDIT UNION,Credit Union,,367392.0,ALLIANT
3.0,368492,WRIGHTPATT CREDIT UNION INC,Credit Union,,368492.0,"WRIGHT-PATT CREDIT UNION, INC."
3.0,3694026,PARKSIDE FNCL,BHC,,,
1.0,3695667,SILVERGATE CAPITAL CORPORATION,BHC,,,
1.0,3721511,OCULINA BANC CORP,BHC,,,
1.0,3735152,FIRST STATE BANCORPORATION INC,BHC,,,
1.0,373795,USF FEDERAL CREDIT UNION,Credit Union,,373795.0,USF FEDERAL CREDIT UNION
1.0,3744239,ALLEGIANCE BANCSHARES INC,BHC,,,
1.0,3792687,TIAA BOARD OF OVERSEERS,No Match,,,
1.0,3802278,LWCBANCORP INC,BHC,,,
1.0,3808113,BOSP BANCSHARES INC,BHC,,,
1.0,3814310,AXOS FINANCIAL INC,BHC,,,
1.0,3815157,RAYMOND JAMES FINANCIAL INC,BHC,,,
3.0,3823031,SWS GRP,No Match,,,
3.0,3835164,SILVER QUEEN FS,BHC,,,
1.0,3837962,AXIOM BANCSHARES INC,BHC,,,
1.0,3840029,ATLANTIC COAST FINANCIAL CORPORATION,BHC,,,
3.0,3842649,BENEFICIAL STATE FOUNDATION,BHC,,,
3.0,3842658,FIRST FOUNDATION INC,BHC,,,
3.0,3843507,HOMESTREET INC,BHC,,,
1.0,3844269,WSFS FINANCIAL CORPORATION,BHC,,,
1.0,3846405,FIRST FEDERAL BANCORP MHC,BHC,,,
1.0,3846601,FOX CHASE BC,No Match,,,
1.0,3866878,MCHENRY BANCORP INC,BHC,,,
1.0,3869806,DIRECT MORTGAGE CORPORATION,No Match,,,
1.0,3870679,ROCKET MORTGAGE,No Match,,,
2.0,3873401,PHH HOME LOANS,No Match,,,
1.0,3875179,SIERRA PACIFIC MORTGAGE CO INC,No Match,,,
3.0,3875713,SUN WEST MORTGAGE COMPANY INC,No Match,,,
1.0,3881732,THE MONEY SOURCE,No Match,,,
1.0,3882515,FIRST GUARANTY MORTGAGE CORPORATION,No Match,,,
1.0,3919756,GEORGETOWN BANCORP INC,No Match,,,
1.0,3921816,COMMUNITY FIRST FINANCIAL CORPORATION,BHC,,,
1.0,3922466,WASHINGTONFIRST BANKSHARES INC,BHC,,,
1.0,3929821,TALL CITY BSHRS,BHC,,,
1.0,3944628,FCB FINANCIAL HOLDINGS INC,BHC,,,
1.0,3949593,NEWREZ LLC,No Match,,,
1.0,3952191,360 MORTGAGE GROUP LLC,No Match,,,
3.0,3955491,PACIFIC UNION FINANCIAL LLC,No Match,,,
3.0,3962350,ANN ARBOR BANCORP INC,BHC,,,
1.0,3975770,CARLILE BANCSHARES INC,No Match,,,
1.0,4028712,BANKUNITED INC,BHC,,,
1.0,4036324,STATE BANK FINANCIAL CORPORATION,BHC,,,
1.0,4090054,INVESTAR HOLDING CORPORATION,BHC,,,
1.0,4105266,VERITEX HOLDINGS INC,BHC,,,
3.0,4114567,FIRST REPUBLIC BANK,Call_Parent,,,
1.0,4132169,PNBK SPONSOR LLC,BHC,,,
1.0,4156679,CAPGEN CAPITAL GROUP VI LLC,No Match,,,
3.0,416197,VERIDIAN CREDIT UNION,Credit Union,,416197.0,VERIDIAN
1.0,4176855,RBB BANCORP,BHC,,,
1.0,4183442,STANDARD AVB FINANCIAL CORP,BHC,,,
1.0,4191465,VIEWPOINT FNCL GRP,BHC,,,
1.0,4199229,WOODFOREST FINANCIAL GROUP INC,No Match,,,
1.0,4224000,MP (THRIFT) LLC,No Match,,,
1.0,4231585,SP BC,No Match,,,
3.0,4265740,SHIRLEY E HICKMAN TR,No Match,,,
3.0,427287,DESCO FEDERAL CREDIT UNION,Credit Union,,427287.0,DESCO
1.0,4284536,CUSTOMERS BANCORP INC,BHC,,,
1.0,4298711,PROVIDENT BANCORP INC,BHC,,,
2.0,4320256,SEFCU SERVICES LLC,No Match,,,
1.0,4323912,SWBC MORTGAGE CORPORATION,No Match,,,
3.0,4347208,FS BANCORP INC,BHC,,,
1.0,4353049,FINANCIAL SVCS HC,BHC,,,
1.0,4366003,HOMETRUST BANCSHARES INC,BHC,,,
3.0,4389329,CRB GROUP INC,BHC,,,
3.0,443193,CREDIT UNION ONE,Credit Union,,443193.0,CREDIT UNION ONE
1.0,4434443,LAPORTE BC,No Match,,,
1.0,4440248,FIRST GREEN BANCORP INC,BHC,,,
3.0,448077,TRUECORE FEDERAL CREDIT UNION,Credit Union,,448077.0,TRUECORE
1.0,4517261,VIRGINIA NATIONAL BANKSHARES CORPORATION,BHC,,,
1.0,4517298,PARK CITIES FNCL GRP,BHC,,,
3.0,4523431,WATERSTONE FINANCIAL INC,BHC,,,
3.0,4564724,ADAMS DAIRY BANCSHARES INC,BHC,,,
1.0,4647494,PROFESSIONAL HOLDING CORP,BHC,,,
1.0,472782,UMASSFIVE COLLEGE FEDERAL CREDIT UNION,Credit Union,,472782.0,UMASSFIVE COLLEGE
3.0,474487,ENTRUST FINANCIAL CREDIT UNION,No Match,,,
1.0,478672,ABD FEDERAL CREDIT UNION,Credit Union,,478672.0,A.B.D.
1.0,4795461,UBS GROUP AG,No Match,,,
1.0,479585,PRINCE GEORGES COMMUNITY FCU,Credit Union,,479585.0,PRINCE GEORGE'S COMMUNITY
3.0,4809920,GREAT WESTERN BANCORP INC,BHC,,,
1.0,4859596,HURON VALLEY BC,BHC,,,
1.0,4875907,FVCBANKCORP INC,BHC,,,
3.0,4876838,PUGET SOUND BC,BHC,,,
1.0,48879,CHIEF FINANCIAL FEDERAL CREDIT UNION,Credit Union,,48879.0,CHIEF FINANCIAL
2.0,494261,PACIFIC WESTERN BANK,Call_Subsidiary,2875332,,
1.0,4970802,SLHC TRUST THE,No Match,,,
2.0,4973353,HARBORONE BANCORP INC,BHC,,,
1.0,4980409,OP BANCORP,BHC,,,
1.0,4981648,MARQUIS BC,BHC,,,
1.0,4991076,SMITH & HOOD HOLDING COMPANY LLC,BHC,,,
1.0,499275,DEMOCRACY FEDERAL CREDIT UNION,Credit Union,,499275.0,DEMOCRACY
1.0,501794,DAY AIR CREDIT UNION,Credit Union,,501794.0,DAY AIR
1.0,5165070,PB FINANCIAL CORPORATION,No Match,,,
1.0,5213690,DIAMOND HTH STOCK COMPANY GP LLC,No Match,,,
1.0,524494,COMMUNITYAMERICA CREDIT UNION,Credit Union,,524494.0,COMMUNITYAMERICA
3.0,524775,TRANSPORTATION FCU,Credit Union,,524775.0,TRANSPORTATION
1.0,5292,LINCOLN PARK COMMUNITY CU,Credit Union,,5292.0,LINCOLN PARK COMMUNITY
1.0,5331286,PLAINS COMMERCE FINANCIAL INC,No Match,,,
3.0,54094,PREMIER FINANCIAL CREDIT UNION,Credit Union,,54094.0,PREMIER FINANCIAL
3.0,544474,FEDFINANCIAL FCU,Credit Union,,544474.0,FEDFINANCIAL
3.0,549170,INFIRST FEDERAL CREDIT UNION,Credit Union,,549170.0,INFIRST
3.0,572972,INTERIOR FEDERAL CREDIT UNION,Credit Union,,572972.0,DEPARTMENT OF THE INTERIOR
1.0,574275,ANDREWS FEDERAL CREDIT UNION,Credit Union,,574275.0,ANDREWS FEDERAL CREDIT UNION
3.0,575179,WASHINGTON GAS LIGHT FCU,Credit Union,,575179.0,TRUENERGY
1.0,578684,UKRAINIAN SELFRELIANCE MICHIGA,Credit Union,,578684.0,UKRAINIAN SELFRELIANCE MICHIGAN
3.0,605085,AGRICULTURE FEDERAL CREDIT UNION,Credit Union,,605085.0,AGRICULTURE
3.0,608198,WSECU,Credit Union,,608198.0,WASHINGTON STATE EMPLOYEES
3.0,625775,CHESSIE FEDERAL CREDIT UNION,Credit Union,,625775.0,CHESSIE
1.0,632858,FRONTIER STATE BANK,Call_Parent,,,
1.0,637778,COASTLINE FEDERAL CREDIT UNION,Credit Union,,637778.0,COASTLINE
1.0,656685,COLUMBINE FCU,Credit Union,,656685.0,COLUMBINE
1.0,656694,GOLDENWEST,Credit Union,,656694.0,GOLDENWEST
1.0,662293,PSE CREDIT UNION INC,Credit Union,,662293.0,"PSE CREDIT UNION, INC."
1.0,678098,DUPONT COMMUNITY CREDIT UNION,Credit Union,,678098.0,DUPONT COMMUNITY
1.0,681490,FIRSTMARK CREDIT UNION,Credit Union,,681490.0,FIRSTMARK
3.0,692085,POLICE FEDERAL CREDIT UNION,Credit Union,,692085.0,POLICE
1.0,695376,FIRST SOURCE FEDERAL CREDIT UNION,Credit Union,,695376.0,FIRST SOURCE
3.0,696391,BLUCURRENT CREDIT UNION,Credit Union,,696391.0,BLUCURRENT
3.0,706290,SALAL CREDIT UNION,Credit Union,,706290.0,SALAL
1.0,725385,ROGUE CREDIT UNION,Credit Union,,725385.0,ROGUE
1.0,73376,FDIC FCU,No Match,,,
3.0,734284,TOPSIDE FEDERAL CREDIT UNION,Credit Union,,734284.0,TOPSIDE
1.0,742793,COMMUNITY DRIVEN CREDIT UNION,No Match,,,
1.0,792172,COMMONWEALTH ONE FEDERAL CREDIT UNION,Credit Union,,792172.0,COMMONWEALTH ONE
1.0,794091,LAKE TRUST CREDIT UNION,Credit Union,,794091.0,LAKE TRUST
3.0,802370,ENERGY FEDERAL CREDIT UNION,No Match,,,
1.0,807085,JOURNEY FEDERAL CREDIT UNION,Credit Union,,807085.0,JOURNEY
1.0,816984,THE FOCUS FEDERAL CREDIT UNION,Credit Union,,816984.0,THE FOCUS
1.0,823795,OUR CREDIT UNION,Credit Union,,823795.0,OUR
1.0,841397,KIMBERLY MILAMGIVHAN,Credit Union,,841397.0,DIVERSIFIED MEMBERS
1.0,899576,THREE RIVERS FEDERAL CREDIT UNION,Credit Union,,899576.0,THREE RIVERS
1.0,902999,CHRISTIAN FINANCIAL CREDIT UNION,Credit Union,,902999.0,CHRISTIAN FINANCIAL
1.0,908889,ITHINK FINANCIAL CREDIT UNION,Credit Union,,908889.0,ITHINK FINANCIAL
3.0,910181,NASA FEDERAL CREDIT UNION,Credit Union,,910181.0,NASA
1.0,939191,VALLEYSTAR CREDIT UNION,Credit Union,,939191.0,VALLEYSTAR
1.0,939285,US POSTAL SERVICE FEDERAL CREDIT UNION,Credit Union,,939285.0,U S POSTAL SERVICE
3.0,948296,PARTNERSHIP FINANCIAL CREDIT UNION,Credit Union,,948296.0,PARTNERSHIP FINANCIAL
1.0,95051,ONE AMERICAN BANK,Call_Parent,,,
3.0,967699,MIDUSA CREDIT UNION,Credit Union,,967699.0,MYUSA
3.0,971986,REACH FEDERAL CREDIT UNION,No Match,,,
3.0,978471,UNITED STATES SENATE FEDERAL CREDIT UNION,Credit Union,,978471.0,UNITED STATES SENATE
1.0,986177,ADVIA CREDIT UNION,Credit Union,,986177.0,ADVIA
1.0,989383,WALLED LAKE SCHOOL EMPLOYEES FEDERAL CREDIT UNION,Credit Union,,989383.0,WALLED LAKE SCHOOLS
