source,lender_TopRSSDID,lender_TopName,normalized_name,date,id,charter_type,name_legal,name,org_type,fed_district_code,city,country,state,fed_regulator2,lei,parent_id,normalized_name_x,fuzzy_matched_name_fr,fuzzy_matched_name_call,normalized_name_y
3.0,1493319,GATEWAY BANK FSB,gateway bank fsb,20171231.0,1493319.0,300.0,"GATEWAY BANK, F.S.B.",GATEWAY BK FSB,1.0,12.0,OAKLAND,UNITED STATES,CA,OCC,0,1493319.0,,,,
1.0,2539081,SHORE COMMUNITY BANK,shore community bank,20171231.0,2539081.0,200.0,SHORE COMMUNITY BANK,SHORE CMNTY BK,1.0,3.0,TOMS RIVER,UNITED STATES,NJ,FDIC,0,2539081.0,,,,
1.0,2980209,BARCLAYS BANK DELAWARE,barclays bank delaware,20171231.0,2980209.0,200.0,BARCLAYS BANK DELAWARE,BARCLAYS BK DE,1.0,3.0,WILMINGTON,UNITED STATES,DE,FDIC,C7HX62OF36KBJB6QPK73,5006575.0,,,,
1.0,3146150,US CENTURY BANK,us century bank,20171231.0,3146150.0,200.0,U.S. CENTURY BANK,US CENTURY BK,1.0,6.0,MIAMI,UNITED STATES,FL,FDIC,0,3146150.0,,,,
3.0,3303944,PACIFIC WEST BANK,pacific west bank,20171231.0,3303944.0,200.0,PACIFIC WEST BANK,PACIFIC W BK,1.0,12.0,WEST LINN,UNITED STATES,OR,FDIC,0,3303944.0,,,,
1.0,3342671,ANCHOR COMMERCIAL BANK,anchor commercial bank,20171231.0,3342671.0,200.0,ANCHOR COMMERCIAL BANK,ANCHOR CMRL BK,1.0,6.0,JUNO BEACH,UNITED STATES,FL,FRS,0,3342671.0,,,,
3.0,3383076,TRIVALLEY BANK,trivalley bank,20171231.0,404943.0,200.0,TRI-VALLEY BANK,TRI-VALLEY BK,1.0,7.0,RANDOLPH,UNITED STATES,IA,FDIC,0,404943.0,,,,
1.0,3402913,BANESCO USA,banesco usa,20171231.0,3402913.0,200.0,BANESCO USA,BANESCO USA,1.0,6.0,CORAL GABLES,UNITED STATES,FL,FDIC,0,3402913.0,,,,
3.0,3448162,LONE STAR BANK,lone star bank,20171231.0,3448162.0,200.0,LONE STAR BANK,LONE STAR BK,1.0,11.0,HOUSTON,UNITED STATES,TX,FDIC,0,3448162.0,,,,
1.0,3592047,GOLDWATER BANK NATIONAL ASSOCIATION,goldwater bank national association,20171231.0,3592047.0,200.0,"GOLDWATER BANK, NATIONAL ASSOCIATION",GOLDWATER BK NA,1.0,12.0,PHOENIX,UNITED STATES,AZ,OCC,0,3592047.0,,,,
1.0,3614958,CALIFORNIA BANK OF COMMERCE,california bank of commerce,20171231.0,3614958.0,200.0,CALIFORNIA BANK OF COMMERCE,CALIFORNIA BK OF CMRC,1.0,12.0,LAFAYETTE,UNITED STATES,CA,FDIC,0,5116344.0,,,,
3.0,3654712,NEW JERSEY COMMUNITY BANK,new jersey community bank,20171231.0,3654712.0,200.0,NEW JERSEY COMMUNITY BANK,NEW JERSEY CMNTY BK,1.0,2.0,FREEHOLD,UNITED STATES,NJ,FDIC,0,3654712.0,,,,
3.0,4114567,FIRST REPUBLIC BANK,first republic bank,20171231.0,4114567.0,200.0,FIRST REPUBLIC BANK,FIRST REPUBLIC BK,1.0,12.0,SAN FRANCISCO,UNITED STATES,CA,FDIC,0,4114567.0,,,,
2.0,494261,PACIFIC WESTERN BANK,pacific western bank,20171231.0,494261.0,200.0,PACIFIC WESTERN BANK,PACIFIC WESTERN BK,1.0,12.0,BEVERLY HILLS,UNITED STATES,CA,FDIC,549300A7DTSCJLJ33451,2875332.0,,,,
1.0,632858,FRONTIER STATE BANK,frontier state bank,20171231.0,632858.0,200.0,FRONTIER STATE BANK,FRONTIER ST BK,1.0,10.0,OKLAHOMA CITY,UNITED STATES,OK,FDIC,0,632858.0,,,,
1.0,95051,ONE AMERICAN BANK,one american bank,20171231.0,95051.0,200.0,ONE AMERICAN BANK,ONE AMER BK,1.0,9.0,SIOUX FALLS,UNITED STATES,SD,FDIC,0,95051.0,,,,
1.0,f108,CENTRAL BANK,central bank,20171231.0,31255.0,200.0,CENTRAL BANK,CENTRAL BK,1.0,11.0,HOUSTON,UNITED STATES,TX,FRS,5493005J49KPXDXUC959,1106468.0,,,,
1.0,f111,CITIZENS BANK,citizens bank,20171231.0,44741.0,200.0,CITIZENS BANK,CITIZENS BK,1.0,7.0,MOORESVILLE,UNITED STATES,IN,FDIC,549300CABYW2DE2UTD57,1207208.0,,,,
3.0,f112,CITIZENS BANK & TRUST,citizens bank trust,20171231.0,964250.0,200.0,CITIZENS BANK & TRUST,CITIZENS B&TC,1.0,10.0,ROCK PORT,UNITED STATES,MO,FDIC,0,964250.0,,,,
1.0,f113,CITIZENS BANK & TRUST COMPANY,citizens bank trust company,20171231.0,192147.0,200.0,CITIZENS BANK & TRUST COMPANY,CITIZENS B&TC,1.0,8.0,VAN BUREN,UNITED STATES,AR,FRS,0,1491360.0,,,,
1.0,f114,CITIZENS STATE BANK,citizens state bank,20171231.0,54656.0,200.0,CITIZENS STATE BANK,CITIZENS ST BK,1.0,11.0,BUFFALO,UNITED STATES,TX,FDIC,0,2112439.0,,,,
1.0,f115,CITY NATIONAL BANK,city national bank,20171231.0,63069.0,200.0,CITY NATIONAL BANK,CITY NB,1.0,12.0,LOS ANGELES,UNITED STATES,CA,OCC,593C3GZG957YOJPS2Z63,3226762.0,,,,
1.0,f132,COMMERCE BANK,commerce bank,20171231.0,49054.0,200.0,COMMERCE BANK,COMMERCE BK,1.0,9.0,GENEVA,UNITED STATES,MN,FDIC,0,2452630.0,,,,
1.0,f133,COMMERCIAL BANK,commercial bank,20171231.0,296559.0,200.0,COMMERCIAL BANK,COMMERCIAL BK,1.0,10.0,PARSONS,UNITED STATES,KS,FDIC,0,296559.0,,,,
1.0,f134,COMMUNITY BANK,community bank,20171231.0,250850.0,200.0,COMMUNITY BANK,COMMUNITY BK,1.0,10.0,ALVA,UNITED STATES,OK,FDIC,0,1249570.0,,,,
1.0,f162,EAGLE BANK,eagle bank,20171231.0,197302.0,300.0,EAGLE BANK,EAGLE BK,6.0,1.0,EVERETT,UNITED STATES,MA,FDIC,0,197302.0,,,,
2.0,f170,EMIGRANT BANK,emigrant bank,20171231.0,137915.0,300.0,EMIGRANT BANK,EMIGRANT BK,1.0,2.0,NEW YORK,UNITED STATES,NY,FDIC,0,3212091.0,,,,
1.0,f171,ENTERPRISE BANK,enterprise bank,20171231.0,1836701.0,200.0,ENTERPRISE BANK,ENTERPRISE BK,1.0,10.0,OMAHA,UNITED STATES,NE,FRS,0,3306356.0,,,,
1.0,f178,F&M BANK,fm bank,20171231.0,163857.0,200.0,F&M BANK,F&M BK,1.0,10.0,EDMOND,UNITED STATES,OK,FDIC,0,1054550.0,,,,
1.0,f182,FARMERS & MERCHANTS BANK,farmers merchants bank,20171231.0,2040.0,200.0,FARMERS & MERCHANTS BANK,FARMERS & MRCHS BK,1.0,7.0,TOMAH,UNITED STATES,WI,FDIC,5493003PU4GOYGQN7E38,1245602.0,,,,
1.0,f183,FARMERS & MERCHANTS STATE BANK,farmers merchants state bank,20171231.0,79145.0,200.0,FARMERS & MERCHANTS STATE BANK,FARMERS & MRCH ST BK,1.0,7.0,WATERLOO,UNITED STATES,WI,FDIC,5493006S21NZTF9Y1L04,3087039.0,,,,
3.0,f184,FARMERS AND MERCHANTS BANK,farmers and merchants bank,20171231.0,4231.0,200.0,FARMERS AND MERCHANTS BANK,FARMERS & MRCH BK,1.0,6.0,SYLVANIA,UNITED STATES,GA,FDIC,0,1863239.0,,,,
1.0,f195,FIRST BANK,first bank,20171231.0,49652.0,200.0,FIRST BANK,FIRST BK,1.0,10.0,STERLING,UNITED STATES,KS,FDIC,0,1055351.0,,,,
1.0,f196,FIRST BANK & TRUST,first bank trust,20171231.0,77851.0,200.0,FIRST BANK & TRUST,FIRST B&T,1.0,9.0,BROOKINGS,UNITED STATES,SD,FDIC,549300IQ5NY7CSJLZW53,1123072.0,,,,
1.0,f197,FIRST BANK AND TRUST,first bank and trust,20171231.0,1862719.0,200.0,FIRST BANK AND TRUST,FIRST B&TC,1.0,6.0,NEW ORLEANS,UNITED STATES,LA,FDIC,549300J59XY2XA4OSM90,2127657.0,,,,
3.0,f199,FIRST BANK OF TENNESSEE,first bank of tennessee,20171231.0,724230.0,200.0,FIRST BANK OF TENNESSEE,FIRST BK OF TN,1.0,6.0,SPRING CITY,UNITED STATES,TN,FDIC,0,724230.0,,,,
1.0,f200,FIRST CITIZENS BANK,first citizens bank,20171231.0,186744.0,200.0,FIRST CITIZENS BANK,FIRST CITIZENS BK,1.0,7.0,MASON CITY,UNITED STATES,IA,FRS,0,1203509.0,,,,
1.0,f206,FIRST FEDERAL SAVINGS BANK,first federal savings bank,20171231.0,107570.0,200.0,FIRST FEDERAL SAVINGS BANK,FIRST FSB,1.0,7.0,HUNTINGTON,UNITED STATES,IN,FDIC,549300RMPGD5KKS1RR35,2514136.0,,,,
1.0,f210,FIRST NATIONAL BANK,first national bank,20171231.0,42448.0,200.0,FIRST NATIONAL BANK,FIRST NB,1.0,8.0,PARAGOULD,UNITED STATES,AR,OCC,0,1119383.0,,,,
1.0,f214,FIRST SAVINGS BANK,first savings bank,20171231.0,67656.0,300.0,FIRST SAVINGS BANK,FIRST SVG BK,1.0,9.0,BERESFORD,UNITED STATES,SD,OCC,254900PHRI1MCM69UM20,1128219.0,,,,
2.0,f215,FIRST STATE BANK,first state bank,20171231.0,10849.0,200.0,FIRST STATE BANK,FIRST ST BK,1.0,8.0,LONOKE,UNITED STATES,AR,FDIC,0,1491614.0,,,,
3.0,f217,FIRST UNITED BANK,first united bank,20171231.0,578255.0,200.0,FIRST UNITED BANK,FIRST UNITED BK,1.0,11.0,DIMMITT,UNITED STATES,TX,FDIC,0,1108163.0,,,,
1.0,f218,FIRSTBANK,firstbank,20171231.0,288853.0,200.0,FIRSTBANK,FIRSTBANK,1.0,10.0,LAKEWOOD,UNITED STATES,CO,FRS,5493009V3WNJX9V2GZ85,1060627.0,,,,
1.0,f221,FIVE STAR BANK,five star bank,20171231.0,601416.0,200.0,FIVE STAR BANK,FIVE STAR BK,1.0,2.0,WARSAW,UNITED STATES,NY,FRS,0,1032464.0,,,,
1.0,f227,FREEDOM BANK,freedom bank,20171231.0,2858492.0,200.0,FREEDOM BANK,FREEDOM BK,1.0,8.0,HUNTINGBURG,UNITED STATES,IN,FDIC,0,3575787.0,,,,
1.0,f230,FROST BANK,frost bank,20171231.0,682563.0,200.0,FROST BANK,FROST BK,1.0,11.0,SAN ANTONIO,UNITED STATES,TX,FRS,G5AHTAP80NWA3Q8RDC78,1102367.0,,,,
3.0,f232,GATEWAY BANK,gateway bank,20171231.0,733540.0,200.0,GATEWAY BANK,GATEWAY BK,1.0,8.0,RISON,UNITED STATES,AR,FDIC,0,4512378.0,,,,
1.0,f242,GRAND BANK,grand bank,20171231.0,76854.0,200.0,GRAND BANK,GRAND BK,1.0,10.0,TULSA,UNITED STATES,OK,FDIC,0,1065967.0,,,,
1.0,f258,HEARTLAND BANK,heartland bank,20171231.0,88455.0,200.0,HEARTLAND BANK,HEARTLAND BK,1.0,10.0,GENEVA,UNITED STATES,NE,FDIC,0,1834396.0,,,,
3.0,f259,HERITAGE BANK,heritage bank,20171231.0,225942.0,200.0,HERITAGE BANK,HERITAGE BK,1.0,7.0,MARION,UNITED STATES,IA,FDIC,0,1205594.0,,,,
1.0,f265,HOMETOWN BANK,hometown bank,20171231.0,63742.0,200.0,HOMETOWN BANK,HOMETOWN BK,1.0,7.0,FOND DU LAC,UNITED STATES,WI,FDIC,549300OSYCBC27271359,2628453.0,,,,
3.0,f269,HORIZON BANK,horizon bank,20171231.0,130541.0,200.0,HORIZON BANK,HORIZON BK,1.0,7.0,MICHIGAN CITY,UNITED STATES,IN,FDIC,P7GC0W65KB5CEIHLDX81,1209136.0,,,,
1.0,f275255,BANNER CAPITAL BANK,banner capital bank,20171231.0,275255.0,200.0,BANNER CAPITAL BANK,BANNER CAP BK,1.0,10.0,HARRISBURG,UNITED STATES,NE,FDIC,0,1067028.0,,,,
3.0,f283,JEFFERSON BANK,jefferson bank,20171231.0,45560.0,200.0,JEFFERSON BANK,JEFFERSON BK,1.0,11.0,SAN ANTONIO,UNITED STATES,TX,FDIC,549300RXHLK3XT6SD946,1109290.0,,,,
1.0,f283737,FIRST NATIONAL BANK OF TENNESSEE,first national bank of tennessee,20171231.0,283737.0,200.0,FIRST NATIONAL BANK OF TENNESSEE,FIRST NB OF TN,1.0,6.0,LIVINGSTON,UNITED STATES,TN,OCC,0,283737.0,,,,
1.0,f302,LANDMARK COMMUNITY BANK,landmark community bank,20171231.0,2758024.0,200.0,LANDMARK COMMUNITY BANK,LANDMARK CMNTY BK,1.0,8.0,COLLIERVILLE,UNITED STATES,TN,FDIC,0,2758024.0,,,,
1.0,f317,LIBERTY BANK,liberty bank,20171231.0,386432.0,200.0,LIBERTY BANK,LIBERTY BK,1.0,6.0,GERALDINE,UNITED STATES,AL,FDIC,0,1084753.0,,,,
1.0,f32,AMERICAN NATIONAL BANK,american national bank,20171231.0,481430.0,200.0,AMERICAN NATIONAL BANK,AMERICAN NB,1.0,6.0,OAKLAND PARK,UNITED STATES,FL,OCC,0,2939337.0,,,,
1.0,f327,MAGNOLIA STATE BANK,magnolia state bank,20171231.0,34434.0,200.0,MAGNOLIA STATE BANK,MAGNOLIA ST BK,1.0,6.0,BAY SPRINGS,UNITED STATES,MS,FDIC,5493007YWPQ2TU6YIG45,1084016.0,,,,
1.0,f328,MAIN STREET BANK,main street bank,20171231.0,818401.0,300.0,MAIN STREET BANK,MAIN ST BK,6.0,1.0,MARLBOROUGH,UNITED STATES,MA,FDIC,0,3469354.0,,,,
3.0,f335,MBANK,mbank,20171231.0,132554.0,200.0,MBANK,MBANK,1.0,9.0,MANISTIQUE,UNITED STATES,MI,FDIC,549300X3PFQJ32XJSB27,1123933.0,,,,
1.0,f342,MERCHANTS BANK,merchants bank,20171231.0,147633.0,200.0,MERCHANTS BANK,MERCHANTS BK,1.0,6.0,JACKSON,UNITED STATES,AL,FDIC,0,1085107.0,,,,
1.0,f343,MERIDIAN BANK,meridian bank,20171231.0,3271799.0,200.0,MERIDIAN BANK,MERIDIAN BK,1.0,3.0,MALVERN,UNITED STATES,PA,FDIC,0,3271799.0,,,,
1.0,f352,MIDWEST BANK,midwest bank,20171231.0,709143.0,200.0,MIDWEST BANK,MIDWEST BK,1.0,7.0,MONMOUTH,UNITED STATES,IL,FRS,0,3356632.0,,,,
1.0,f375,NATIONAL BANK,national bank,20171231.0,659341.0,200.0,NATIONAL BANK,NATIONAL BK,1.0,8.0,HILLSBORO,UNITED STATES,IL,OCC,0,1098581.0,,,,
1.0,f401,OAKWOOD BANK,oakwood bank,20171231.0,960560.0,200.0,OAKWOOD BANK,OAKWOOD BK,1.0,11.0,DALLAS,UNITED STATES,TX,FDIC,0,5008971.0,,,,
2.0,f424,PEOPLE'S BANK,peoples bank,20171231.0,70638.0,200.0,PEOPLES BANK,PEOPLES BK,1.0,6.0,MENDENHALL,UNITED STATES,MS,FDIC,0,4189314.0,,,,
1.0,f428,PEOPLES BANK,peoples bank,20171231.0,70638.0,200.0,PEOPLES BANK,PEOPLES BK,1.0,6.0,MENDENHALL,UNITED STATES,MS,FDIC,0,4189314.0,,,,
1.0,f429,PEOPLES NATIONAL BANK,peoples national bank,20171231.0,483537.0,200.0,PEOPLES NATIONAL BANK,PEOPLES NB,1.0,6.0,NICEVILLE,UNITED STATES,FL,OCC,0,1363793.0,,,,
1.0,f431,PEOPLES STATE BANK,peoples state bank,20171231.0,43351.0,200.0,PEOPLES STATE BANK,PEOPLES ST BK,1.0,10.0,MANHATTAN,UNITED STATES,KS,FDIC,0,2935496.0,,,,
1.0,f436,PINNACLE BANK,pinnacle bank,20171231.0,288376.0,200.0,PINNACLE BANK,PINNACLE BK,1.0,6.0,JASPER,UNITED STATES,AL,FDIC,0,2520605.0,,,,
1.0,f441,PREFERRED BANK,preferred bank,20171231.0,203070.0,300.0,PREFERRED BANK,PREFERRED BK,1.0,11.0,HOUSTON,UNITED STATES,TX,OCC,0,3823189.0,,,,
1.0,f447,"PROVIDENT BANK, THE",provident bank the,20171231.0,375502.0,300.0,"PROVIDENT BANK, THE",PROVIDENT BK,6.0,1.0,AMESBURY,UNITED STATES,MA,FDIC,549300GBPH5PK1AIGV76,2838159.0,,,,
1.0,f481,SECURITY STATE BANK,security state bank,20171231.0,43052.0,200.0,SECURITY STATE BANK,SECURITY ST BK,1.0,9.0,IRON RIVER,UNITED STATES,WI,FDIC,0,1128497.0,,,,
3.0,f490,SIGNATURE BANK,signature bank,20171231.0,2942690.0,200.0,SIGNATURE BANK,SIGNATURE BK,1.0,2.0,NEW YORK,UNITED STATES,NY,FDIC,0,2942690.0,,,,
1.0,f5034792,MIZUHO BANK (USA),mizuho bank usa,20171231.0,229913.0,200.0,MIZUHO BANK (USA),MIZUHO BK USA,1.0,2.0,NEW YORK,UNITED STATES,NY,FRS,51KMXRLB0RIEGI0WJN58,5034792.0,,,,
3.0,f506,STAR BANK,star bank,20171231.0,715050.0,200.0,STAR BANK,STAR BK,1.0,9.0,MAPLE LAKE,UNITED STATES,MN,FDIC,549300MNZNDD5FZ2PF62,1827718.0,,,,
1.0,f507,STATE BANK,state bank,20171231.0,231149.0,200.0,STATE BANK,STATE BK,1.0,7.0,NEW HAMPTON,UNITED STATES,IA,FRS,0,1210730.0,,,,
3.0,f525,TEXAS BANK,texas bank,20171231.0,232856.0,200.0,TEXAS BANK,TEXAS BK,1.0,11.0,BROWNWOOD,UNITED STATES,TX,FDIC,0,232856.0,,,,
1.0,f542,TRADITIONS BANK,traditions bank,20171231.0,3194692.0,200.0,TRADITIONS BANK,TRADITIONS BK,1.0,6.0,CULLMAN,UNITED STATES,AL,FDIC,0,3194683.0,,,,
3.0,f546,UNION BANK,union bank,20171231.0,235231.0,200.0,UNION BANK,UNION BK,1.0,6.0,JAMESTOWN,UNITED STATES,TN,FDIC,0,1129542.0,,,,
1.0,f551,UNITED BANK,united bank,20171231.0,37435.0,200.0,UNITED BANK,UNITED BK,1.0,6.0,ZEBULON,UNITED STATES,GA,FDIC,0,1082777.0,,,,
3.0,f56,BANK,bank,20171231.0,952846.0,200.0,BANK,BANK,1.0,7.0,WAPELLO,UNITED STATES,IA,FRS,0,1205156.0,,,,
1.0,f584,WESTERN BANK,western bank,20171231.0,156952.0,200.0,WESTERN BANK,WESTERN BK,1.0,11.0,ALAMOGORDO,UNITED STATES,NM,FDIC,0,1137631.0,,,,
1.0,f589158,GREAT PLAINS BANK,great plains bank,20171231.0,589158.0,200.0,GREAT PLAINS BANK,GREAT PLAINS BK,1.0,9.0,EUREKA,UNITED STATES,SD,FDIC,0,1125898.0,,,,
1.0,f59,BANK OF TENNESSEE,bank of tennessee,20171231.0,340135.0,200.0,BANK OF TENNESSEE,BANK OF TN,1.0,6.0,KINGSPORT,UNITED STATES,TN,FDIC,549300CTISSNREVLNO46,1135002.0,,,,
3.0,f614751,MANHATTAN BANK,manhattan bank,20171231.0,614751.0,200.0,MANHATTAN BANK,MANHATTAN BK,1.0,9.0,MANHATTAN,UNITED STATES,MT,FDIC,549300FPSZGZH4IL7891,2851318.0,,,,
1.0,f719610,FIRST NATIONAL BANK OF MANCHESTER,first national bank of manchester,20171231.0,290230.0,200.0,FIRST NATIONAL BANK OF MANCHESTER,FIRST NB OF MANCHESTER,1.0,6.0,MANCHESTER,UNITED STATES,TN,OCC,0,1085488.0,,,,
2.0,f72,BERKSHIRE BANK,berkshire bank,20171231.0,473501.0,200.0,BERKSHIRE BANK,BERKSHIRE BK,1.0,1.0,PITTSFIELD,UNITED STATES,MA,FDIC,549300LR1ZETOWYE9Z89,2333663.0,,,,
1.0,f76,BLUE RIDGE BANK,blue ridge bank,20171231.0,174321.0,200.0,BLUE RIDGE BANK,BLUE RIDGE BK,1.0,5.0,WALHALLA,UNITED STATES,SC,FDIC,549300HOJEG7WXFB2S62,3614668.0,,,,
1.0,f84,BRIGHTON BANK,brighton bank,20171231.0,227656.0,200.0,BRIGHTON BANK,BRIGHTON BK,1.0,8.0,BRIGHTON,UNITED STATES,TN,FDIC,0,1140248.0,,,,
1.0,f89,BUSINESS FIRST BANK,business first bank,20171231.0,3408728.0,200.0,BUSINESS FIRST BANK,BUSINESS FIRST BK,1.0,6.0,BATON ROUGE,UNITED STATES,LA,FDIC,0,3488850.0,,,,
3.0,f968744,FIRST CHOICE BANK,first choice bank,20171231.0,968744.0,200.0,FIRST CHOICE BANK,FIRST CHOICE BK,1.0,8.0,PONTOTOC,UNITED STATES,MS,FRS,0,2524911.0,,,,
1.0,1037003,M&T BANK CORPORATION,,20171231.0,3407084.0,340.0,LCA BANK CORPORATION,LCA BK CORP,1.0,12.0,PARK CITY,UNITED STATES,UT,FDIC,0,3407084.0,mt bank corporation,mt bank corporation,lca bank corporation,lca bank corporation
1.0,3721511,OCULINA BANC CORP,,20171231.0,3407084.0,340.0,LCA BANK CORPORATION,LCA BK CORP,1.0,12.0,PARK CITY,UNITED STATES,UT,FDIC,0,3407084.0,oculina banc corporation,oculina banc corporation,lca bank corporation,lca bank corporation
1.0,1048773,VALLEY NATIONAL BANCORP,,20171231.0,229801.0,200.0,VALLEY NATIONAL BANK,VALLEY NB,1.0,2.0,PASSAIC,UNITED STATES,NJ,OCC,0,1048773.0,valley national bancorp,valley national bancorp,valley national bank,valley national bank
3.0,1048867,COMMUNITY BANK SYSTEM INC,,20171231.0,509811.0,200.0,"COMMUNITY TRUST BANK, INC.",COMMUNITY TR BK INC,1.0,4.0,PIKEVILLE,UNITED STATES,KY,FRS,0,1070644.0,community bank system incorporated,community bank system incorporated,community trust bank incorporated,community trust bank incorporated
1.0,1070644,COMMUNITY TRUST BANCORP INC,,20171231.0,509811.0,200.0,"COMMUNITY TRUST BANK, INC.",COMMUNITY TR BK INC,1.0,4.0,PIKEVILLE,UNITED STATES,KY,FRS,0,1070644.0,community trust bancorp incorporated,community trust bancorp incorporated,community trust bank incorporated,community trust bank incorporated
1.0,1070345,FIFTH THIRD BANCORP,,20171231.0,723112.0,200.0,FIFTH THIRD BANK,FIFTH THIRD BK,1.0,4.0,CINCINNATI,UNITED STATES,OH,FRS,0,1070345.0,fifth third bancorp,fifth third bancorp,fifth third bank,fifth third bank
1.0,1070448,WESBANCO INC,,20171231.0,645625.0,200.0,"WESBANCO BANK, INC.",WESBANCO BK,1.0,4.0,WHEELING,UNITED STATES,WV,FDIC,QGPGHQ1ENZOOLJRFTH41,1070448.0,wesbanco incorporated,wesbanco incorporated,wesbanco bank incorporated,wesbanco bank incorporated
1.0,1097025,REPUBLIC BANCORP INC,,20171231.0,316354.0,200.0,"REPUBLIC BANK, INCORPORATED",REPUBLIC BK,1.0,9.0,DULUTH,UNITED STATES,MN,FDIC,254900L0RWWYS3CL7721,2070584.0,republic bancorp incorporated,republic bancorp incorporated,republic bank incorporated,republic bank incorporated
1.0,1098303,OLD NATIONAL BANCORP,,20171231.0,208244.0,200.0,OLD NATIONAL BANK,OLD NB,1.0,8.0,EVANSVILLE,UNITED STATES,IN,OCC,549300AT7EB9FJAF0E61,1098303.0,old national bancorp,old national bancorp,old national bank,old national bank
1.0,1099917,FIRST STATE BANCSHARES INC,,20171231.0,633341.0,200.0,"FIRST STATE BANK, INC.",FIRST ST BK,1.0,8.0,CENTRAL CITY,UNITED STATES,KY,FDIC,0,1119440.0,first state bancshares incorporated,first state bancshares incorporated,first state bank incorporated,first state bank incorporated
3.0,1123670,FIRST INTERSTATE BANCSYSTEM INC,,20171231.0,633341.0,200.0,"FIRST STATE BANK, INC.",FIRST ST BK,1.0,8.0,CENTRAL CITY,UNITED STATES,KY,FDIC,0,1119440.0,first interstate bancsystem incorporated,first interstate bancsystem incorporated,first state bank incorporated,first state bank incorporated
1.0,3735152,FIRST STATE BANCORPORATION INC,,20171231.0,633341.0,200.0,"FIRST STATE BANK, INC.",FIRST ST BK,1.0,8.0,CENTRAL CITY,UNITED STATES,KY,FDIC,0,1119440.0,first state bancorporation incorporated,first state bancorporation incorporated,first state bank incorporated,first state bank incorporated
1.0,1131787,SUNTRUST BANKS INC,,20171231.0,3309393.0,200.0,"1ST TRUST BANK, INC.",1ST TR BK INC,1.0,4.0,HAZARD,UNITED STATES,KY,FDIC,0,3309393.0,suntrust banks incorporated,suntrust banks incorporated,1st trust bank incorporated,1st trust bank incorporated
1.0,1204560,FIRST BANCSHARES INC,,20171231.0,3189634.0,200.0,"FIRST BANK OF CHARLESTON, INC.",FIRST BK OF CHARLESTON,1.0,5.0,CHARLESTON,UNITED STATES,WV,FDIC,0,3189634.0,first bancshares incorporated,first bancshares incorporated,first bank of charleston incorporated,first bank of charleston incorporated
1.0,1206760,FIRST MID BANCSHARES INC,,20171231.0,3189634.0,200.0,"FIRST BANK OF CHARLESTON, INC.",FIRST BK OF CHARLESTON,1.0,5.0,CHARLESTON,UNITED STATES,WV,FDIC,0,3189634.0,first mid bancshares incorporated,first bancshares incorporated,first bank of charleston incorporated,first bank of charleston incorporated
1.0,1208184,FIRST MIDWEST BANCORP INC,,20171231.0,222754.0,200.0,"FIRST WESTROADS BANK, INC.",FIRST WESTROADS BK,1.0,10.0,OMAHA,UNITED STATES,NE,FRS,0,1840687.0,first midwest bancorp incorporated,first midwest bancorp incorporated,first westroads bank incorporated,first westroads bank incorporated
2.0,1231333,BANK OF MONTREAL,,20171231.0,3470097.0,200.0,BANK OF MONTANA,BANK OF MT,1.0,9.0,MISSOULA,UNITED STATES,MT,FDIC,0,3470088.0,bank of montreal,,bank of montana,bank of montana
2.0,2016340,FIRST COMMUNITY BANCORP INC,,20171231.0,1440117.0,200.0,COMMUNITY FIRST BANK INC.,COMMUNITY FIRST BK,1.0,5.0,WALHALLA,UNITED STATES,SC,FDIC,549300RZFB670NG8MF92,2593083.0,first community bancorp incorporated,first community bancorp incorporated,community first bank incorporated,community first bank incorporated
3.0,2022734,MERCHANTS AND MANUFACTURERS BANK CORPORATION,,20171231.0,1008432.0,200.0,MERCHANTS AND MANUFACTURERS BANK,MERCHANTS & MANUFACTURERS BK,1.0,7.0,JOLIET,UNITED STATES,IL,FDIC,549300QWUZ3ZGKKC7W73,2022734.0,merchants and manufacturers bank corporation,merchants and manufacturers bank corporation,merchants and manufacturers bank,merchants and manufacturers bank
1.0,2277860,CAPITAL ONE FINANCIAL CORPORATION,,20171231.0,4196291.0,400.0,CAPITAL ONE GLOBAL CORPORATION,CAPITAL ONE GLOBAL CORP,1.0,5.0,MCLEAN,UNITED STATES,VA,FRS,0,2277860.0,capital one financial corporation,capital one financial corporation,capital one global corporation,capital one global corporation
3.0,2510192,IRONSTONE BANK,,20171231.0,913146.0,200.0,STONE BANK,STONE BK,1.0,8.0,MOUNTAIN VIEW,UNITED STATES,AR,FDIC,549300UMOKQUJLI81448,4928344.0,ironstone bank,,stone bank,stone bank
3.0,2571120,COLUMBIA BANK MHC,,20171231.0,1189993.0,200.0,"COLUMBIA BANK, THE",COLUMBIA BK,1.0,5.0,COLUMBIA,UNITED STATES,MD,FDIC,549300D1R5SJ6KWBXT17,1117129.0,columbia bank mhc,columbia bank mhc,columbia bank the,columbia bank the
1.0,2784920,1ST CONSTITUTION BANCORP,,20171231.0,1412619.0,200.0,1ST CONSTITUTION BANK,1ST CONSTITUTION BK,1.0,2.0,CRANBURY,UNITED STATES,NJ,FDIC,0,2784920.0,1st constitution bancorp,1st constitution bancorp,1st constitution bank,1st constitution bank
1.0,3016338,GEORGIA BANKING COMPANY INC,,20171231.0,101439.0,200.0,"DURDEN BANKING COMPANY, INCORPORATED",DURDEN BKG CO,1.0,6.0,TWIN CITY,UNITED STATES,GA,FDIC,0,2388663.0,georgia banking company incorporated,georgia banking company incorporated,durden banking company incorporated,durden banking company incorporated
3.0,3025385,NORTHRIM BC,,20171231.0,1718188.0,200.0,NORTHRIM BANK,NORTHRIM BK,1.0,12.0,ANCHORAGE,UNITED STATES,AK,FDIC,549300R07HMKT86V3034,3025385.0,northrim bc,,northrim bank,northrim bank
1.0,3083291,STERLING BANCORP,,20171231.0,628356.0,200.0,STERLING BANK,STERLING BK,1.0,9.0,BARRON,UNITED STATES,WI,FDIC,0,2176105.0,sterling bancorp,sterling bancorp,sterling bank,sterling bank
1.0,309570,1ST MARINER BANK,,20171231.0,3010000.0,200.0,MARINER'S BANK,MARINERS BK,1.0,2.0,EDGEWATER,UNITED STATES,NJ,FDIC,0,3227947.0,1st mariner bank,,mariners bank,mariners bank
1.0,3339046,STONEGATE BANK,,20171231.0,231149.0,200.0,STATE BANK,STATE BK,1.0,7.0,NEW HAMPTON,UNITED STATES,IA,FRS,0,1210730.0,stonegate bank,,state bank,state bank
1.0,3344312,TRADITION BANCSHARES INC,,20171231.0,786210.0,200.0,"TRADITIONAL BANK, INC.",TRADITIONAL BK,1.0,4.0,MOUNT STERLING,UNITED STATES,KY,FDIC,0,1070420.0,tradition bancshares incorporated,tradition bancshares incorporated,traditional bank incorporated,traditional bank incorporated
3.0,3447875,PLAZA BANK,,20171231.0,788308.0,0.0,PLAZA BRANCH,BANK HAPOALIM BM PLAZA BR,0.0,0.0,NEW YORK,UNITED STATES,NY,FRS,0,788308.0,plaza bank,,plaza branch,plaza branch
1.0,3470154,US METRO BK,,20171231.0,3470154.0,200.0,US METRO BANK,US METRO BK,1.0,12.0,GARDEN GROVE,UNITED STATES,CA,FDIC,0,3470154.0,us metro bk,,us metro bank,us metro bank
1.0,3530786,MERCHANTS BANCORP,,20171231.0,147633.0,200.0,MERCHANTS BANK,MERCHANTS BK,1.0,6.0,JACKSON,UNITED STATES,AL,FDIC,0,1085107.0,merchants bancorp,merchants bancorp,merchants bank,merchants bank
1.0,3551361,HERITAGE BC,,20171231.0,225942.0,200.0,HERITAGE BANK,HERITAGE BK,1.0,7.0,MARION,UNITED STATES,IA,FDIC,0,1205594.0,heritage bc,heritage bancorp,heritage bank,heritage bank
1.0,3560756,COLLIN BANK,,20171231.0,307932.0,200.0,CATLIN BANK,CATLIN BK,1.0,7.0,CATLIN,UNITED STATES,IL,FDIC,549300BLY7T77VMK2263,1246793.0,collin bank,,catlin bank,catlin bank
1.0,3577419,HOMEBANCORP,,20171231.0,3577389.0,200.0,HOMEBANC,HOMEBANC,1.0,6.0,TAMPA,UNITED STATES,FL,FRS,549300LCPAOSRFZLHG90,3577419.0,homebancorp,,homebanc,homebanc
3.0,3587146,BANK OF NEW YORK MELLON CORPORATION THE,,20171231.0,541101.0,200.0,"BANK OF NEW YORK MELLON, THE",BANK OF NY MELLON,1.0,2.0,NEW YORK,UNITED STATES,NY,FRS,HPFHU0OQ28E4N0NFVK49,3587146.0,bank of new york mellon corporation the,bank of new york mellon corporation the,bank of new york mellon the,bank of new york mellon the
1.0,4028712,BANKUNITED INC,,20171231.0,400141.0,200.0,"FNB BANK, INC.",FNB BK,1.0,8.0,MAYFIELD,UNITED STATES,KY,FDIC,0,1119347.0,bankunited incorporated,bankunited incorporated,fnb bank incorporated,fnb bank incorporated
3.0,4347208,FS BANCORP INC,,20171231.0,400141.0,200.0,"FNB BANK, INC.",FNB BK,1.0,8.0,MAYFIELD,UNITED STATES,KY,FDIC,0,1119347.0,fs bancorp incorporated,fs bancorp incorporated,fnb bank incorporated,fnb bank incorporated
1.0,4298711,PROVIDENT BANCORP INC,,20171231.0,169327.0,200.0,"PROVIDENT STATE BANK, INC.",PROVIDENT ST BK,1.0,5.0,PRESTON,UNITED STATES,MD,FDIC,549300IIUZTJI9AHIA30,2496269.0,provident bancorp incorporated,provident bancorp incorporated,provident state bank incorporated,provident state bank incorporated
3.0,4523431,WATERSTONE FINANCIAL INC,,20171231.0,5087949.0,400.0,"MB FINANCIAL INTERNATIONAL, INC.",MB FNCL INTL,1.0,4.0,ROSEMONT,UNITED STATES,IL,FRS,0,1090987.0,waterstone financial incorporated,waterstone financial incorporated,mb financial international incorporated,mb financial international incorporated
1.0,4875907,FVCBANKCORP INC,,20171231.0,829032.0,200.0,"BCBANK, INC.",BCBANK,1.0,5.0,PHILIPPI,UNITED STATES,WV,FDIC,0,1141115.0,fvcbankcorp incorporated,fvcbankcorp incorporated,bcbank incorporated,bcbank incorporated
3.0,4876838,PUGET SOUND BC,,20171231.0,3345944.0,200.0,PUGET SOUND BANK,PUGET SOUND BK,1.0,12.0,BELLEVUE,UNITED STATES,WA,FDIC,549300VPBD1OHF7P7185,4876838.0,puget sound bc,,puget sound bank,puget sound bank
1.0,4981648,MARQUIS BC,,20171231.0,3625002.0,200.0,MARQUIS BANK,MARQUIS BK,1.0,6.0,CORAL GABLES,UNITED STATES,FL,FDIC,0,4981648.0,marquis bc,,marquis bank,marquis bank
1.0,f107,CENTAL STATES BANK,,20171231.0,152440.0,200.0,CENTRAL STATE BANK,CENTRAL ST BK,1.0,8.0,CLAYTON,UNITED STATES,IL,FDIC,0,1095861.0,cental states bank,,central state bank,central state bank
1.0,f55,BANC CENTRAL,,20171231.0,31255.0,200.0,CENTRAL BANK,CENTRAL BK,1.0,11.0,HOUSTON,UNITED STATES,TX,FRS,5493005J49KPXDXUC959,1106468.0,banc central,,central bank,central bank
3.0,f112,CITIZENS BANK & TRUST,,20171231.0,680130.0,200.0,CITIZENS TRUST BANK,CITIZENS TR BK,1.0,6.0,ATLANTA,UNITED STATES,GA,FRS,0,1078958.0,citizens bank trust,,citizens trust bank,citizens trust bank
1.0,f377,NATIONAL CITY,,20171231.0,63069.0,200.0,CITY NATIONAL BANK,CITY NB,1.0,12.0,LOS ANGELES,UNITED STATES,CA,OCC,593C3GZG957YOJPS2Z63,3226762.0,national city,,city national bank,city national bank
1.0,f124,CNL BANK,,20171231.0,399517.0,200.0,CNB BANK,CNB BK,1.0,3.0,CLEARFIELD,UNITED STATES,PA,FDIC,549300NBFK4GO76FTE84,1118340.0,cnl bank,,cnb bank,cnb bank
1.0,f127,COASTAL BANK,,20171231.0,80936.0,200.0,CAPITAL BANK,CAPITAL BK,1.0,6.0,FORT OGLETHORPE,UNITED STATES,GA,FDIC,0,1081378.0,coastal bank,,capital bank,capital bank
3.0,f39,AP CAPITAL,,20171231.0,80936.0,200.0,CAPITAL BANK,CAPITAL BK,1.0,6.0,FORT OGLETHORPE,UNITED STATES,GA,FDIC,0,1081378.0,ap capital,,capital bank,capital bank
1.0,f128,COASTAL SAVINGS BANK,,20171231.0,373272.0,300.0,COMPASS SAVINGS BANK,COMPASS SB,6.0,4.0,WILMERDING,UNITED STATES,PA,FDIC,0,373272.0,coastal savings bank,,compass savings bank,compass savings bank
3.0,f135,COMMUNITY CAPITAL,,20171231.0,2068107.0,200.0,CAPITAL COMMUNITY BANK,CAPITAL CMNTY BK,1.0,12.0,PROVO,UNITED STATES,UT,FDIC,0,2641621.0,community capital,,capital community bank,capital community bank
1.0,f148,CTIBANK,,20171231.0,3615021.0,200.0,CBANK,CBANK,1.0,4.0,CINCINNATI,UNITED STATES,OH,FDIC,0,3615021.0,ctibank,,cbank,cbank
1.0,f149,CUSTOMERS BANK OF NEW JERSEY,,20171231.0,1407932.0,200.0,FULTON BANK OF NEW JERSEY,FULTON BK OF NJ,1.0,3.0,MOUNT LAUREL,UNITED STATES,NJ,FDIC,8VPESZVIXN83ENVWIB56,1117129.0,customers bank of new jersey,,fulton bank of new jersey,fulton bank of new jersey
3.0,f16,ALBINA BANK,,20171231.0,260055.0,200.0,ALPINE BANK,ALPINE BK,1.0,10.0,GLENWOOD SPRINGS,UNITED STATES,CO,FDIC,OYWNLMHNBQQ7BAH3EE86,1061679.0,albina bank,,alpine bank,alpine bank
1.0,f324,M&M BANK,,20171231.0,163857.0,200.0,F&M BANK,F&M BK,1.0,10.0,EDMOND,UNITED STATES,OK,FDIC,0,1054550.0,mm bank,,fm bank,fm bank
1.0,f365,MT BANK,,20171231.0,163857.0,200.0,F&M BANK,F&M BK,1.0,10.0,EDMOND,UNITED STATES,OK,FDIC,0,1054550.0,mt bank,,fm bank,fm bank
1.0,f188,FIDELITY SAVINGS BANK,,20171231.0,324975.0,300.0,DEWITT SAVINGS BANK,DEWITT SVGS BK,6.0,7.0,CLINTON,UNITED STATES,IL,FDIC,0,324975.0,fidelity savings bank,,dewitt savings bank,dewitt savings bank
1.0,f189,FIDELITY STATE BANK,,20171231.0,584920.0,200.0,"FIDELITY BANK, THE",FIDELITY BK,1.0,5.0,FUQUAY VARINA,UNITED STATES,NC,FDIC,25490012KFFZI81TDT02,1249002.0,fidelity state bank,,fidelity bank the,fidelity bank the
1.0,f192,FIRS TRUST BANK,,20171231.0,77851.0,200.0,FIRST BANK & TRUST,FIRST B&T,1.0,9.0,BROOKINGS,UNITED STATES,SD,FDIC,549300IQ5NY7CSJLZW53,1123072.0,firs trust bank,,first bank trust,first bank trust
1.0,f220,FIRSTMID BANK & TRUST,,20171231.0,77851.0,200.0,FIRST BANK & TRUST,FIRST B&T,1.0,9.0,BROOKINGS,UNITED STATES,SD,FDIC,549300IQ5NY7CSJLZW53,1123072.0,firstmid bank trust,,first bank trust,first bank trust
1.0,f194,FIRST AMERICAN,,20171231.0,321255.0,200.0,FIRST AMERICAN BANK,FIRST AMER BK,1.0,10.0,STONEWALL,UNITED STATES,OK,FDIC,0,321255.0,first american,,first american bank,first american bank
3.0,f198,FIRST BANK OF FLORIDA,,20171231.0,3525577.0,200.0,FIRST FLORIDA BANK,FIRST FL BK,1.0,6.0,DESTIN,UNITED STATES,FL,FRS,0,4521624.0,first bank of florida,,first florida bank,first florida bank
1.0,f2,1ST COMMUNITY,,20171231.0,338945.0,200.0,1ST COMMUNITY BANK,1ST CMNTY BK,1.0,7.0,SHERRARD,UNITED STATES,IL,FDIC,0,1204083.0,1st community,,1st community bank,1st community bank
1.0,f20,ALLIANCE CAPITAL BANK,,20171231.0,2889227.0,200.0,ALPINE CAPITAL BANK,ALPINE CAP BK,1.0,2.0,NEW YORK,UNITED STATES,NY,FDIC,0,2889227.0,alliance capital bank,,alpine capital bank,alpine capital bank
1.0,f201,FIRST COMMUNITY,,20171231.0,36456.0,200.0,COMMUNITY FIRST BANK,COMMUNITY FIRST BK,1.0,10.0,MAYWOOD,UNITED STATES,NE,FDIC,0,1472118.0,first community,,community first bank,community first bank
1.0,f202,FIRST COMMUNITY BANK OF BEDFORD COUNTY,,20171231.0,275509.0,200.0,"COMMUNITY BANK OF BERGEN COUNTY, N.J.",COMMUNITY BK OF BERGEN CTY,1.0,2.0,MAYWOOD,UNITED STATES,NJ,FRS,0,275509.0,first community bank of bedford county,,community bank of bergen county nj,community bank of bergen county nj
1.0,f207,FIRST FEDERAL SAVINGS BANK OF FLORIDA,,20171231.0,384278.0,300.0,FIRST FEDERAL BANK OF FLORIDA,FIRST FED BK OF FL,1.0,6.0,LAKE CITY,UNITED STATES,FL,OCC,Q708HHR4LD2B7XIZNO92,3846405.0,first federal savings bank of florida,,first federal bank of florida,first federal bank of florida
1.0,f209,FIRST MIDWEST,,20171231.0,1007846.0,200.0,FIRST MIDWEST BANK,FIRST MW BK,1.0,7.0,ITASCA,UNITED STATES,IL,FRS,KV8W1JTB8FZ821S5ED75,1208184.0,first midwest,,first midwest bank,first midwest bank
1.0,f211,FIRST NATIONAL BANK OF ORRVILLE,,20171231.0,197254.0,200.0,FIRST NATIONAL BANK OF SPEARVILLE,FIRST NB,1.0,10.0,SPEARVILLE,UNITED STATES,KS,OCC,0,3391642.0,first national bank of orrville,,first national bank of spearville,first national bank of spearville
1.0,f213,FIRST NORTHERN BANK,,20171231.0,66275.0,200.0,FIRST SOUTHERN BANK,FIRST S BK,1.0,6.0,FLORENCE,UNITED STATES,AL,FDIC,0,5141195.0,first northern bank,,first southern bank,first southern bank
1.0,f216,FIRST STATE BANK OF ILLINOIS,,20171231.0,2718596.0,200.0,FIRST TRUST BANK OF ILLINOIS,FIRST TR BK IL,1.0,7.0,KANKAKEE,UNITED STATES,IL,FDIC,0,3249109.0,first state bank of illinois,,first trust bank of illinois,first trust bank of illinois
1.0,f219,FIRSTBANK DE PUERTO RICO,,20171231.0,510871.0,200.0,FIRSTBANK PUERTO RICO,FIRSTBANK PR,1.0,2.0,SAN JUAN,PUERTO RICO,PR,FDIC,0,2744894.0,firstbank de puerto rico,,firstbank puerto rico,firstbank puerto rico
1.0,f249,GSTAR BANK,,20171231.0,715050.0,200.0,STAR BANK,STAR BK,1.0,9.0,MAPLE LAKE,UNITED STATES,MN,FDIC,549300MNZNDD5FZ2PF62,1827718.0,gstar bank,,star bank,star bank
1.0,f27,AMERICAN EQUITY BANK,,20171231.0,3161144.0,200.0,UNITED AMERICAN BANK,UNITED AMER BK,1.0,12.0,SAN MATEO,UNITED STATES,CA,FDIC,0,1134694.0,american equity bank,,united american bank,united american bank
1.0,f318,LINCOLNWAY STATE BANK,,20171231.0,667551.0,200.0,LINCOLN STATE BANK,LINCOLN ST BK,1.0,9.0,HANKINSON,UNITED STATES,ND,FDIC,0,1495788.0,lincolnway state bank,,lincoln state bank,lincoln state bank
1.0,f42,ARCA NATIONAL BANK,,20171231.0,481430.0,200.0,AMERICAN NATIONAL BANK,AMERICAN NB,1.0,6.0,OAKLAND PARK,UNITED STATES,FL,OCC,0,2939337.0,arca national bank,,american national bank,american national bank
1.0,f351,MIDLAND BANK,,20171231.0,539667.0,200.0,MAINLAND BANK,MAINLAND BK,1.0,11.0,TEXAS CITY,UNITED STATES,TX,FDIC,0,539667.0,midland bank,,mainland bank,mainland bank
1.0,f352,MIDWEST BANK,,20171231.0,45551.0,200.0,BANK MIDWEST,BANK MIDWEST,1.0,7.0,SPIRIT LAKE,UNITED STATES,IA,FRS,549300USNPUCH96WTF23,1203714.0,midwest bank,,bank midwest,bank midwest
1.0,f354,MISSOURI BANK AND TRUST,,20171231.0,810553.0,200.0,MARTINSBURG BANK AND TRUST,MARTINSBURG B&TC,1.0,8.0,MEXICO,UNITED STATES,MO,FDIC,0,1133099.0,missouri bank and trust,,martinsburg bank and trust,martinsburg bank and trust
1.0,f356,MM BANC OF CALIFORNIA,,20171231.0,118660.0,200.0,HOME BANK OF CALIFORNIA,HOME BK OF CA,1.0,12.0,SAN DIEGO,UNITED STATES,CA,FDIC,0,118660.0,mm banc of california,,home bank of california,home bank of california
3.0,f548,UNION BANK OF CALIFORNIA,,20171231.0,118660.0,200.0,HOME BANK OF CALIFORNIA,HOME BK OF CA,1.0,12.0,SAN DIEGO,UNITED STATES,CA,FDIC,0,118660.0,union bank of california,,home bank of california,home bank of california
1.0,f358,MONROE BANK AND TRUST,,20171231.0,364449.0,200.0,MONROE BANK & TRUST,MONROE BK & TR,1.0,7.0,MONROE,UNITED STATES,MI,FDIC,0,2907822.0,monroe bank and trust,,monroe bank trust,monroe bank trust
1.0,f378,NATIONAL COOPERATIVE BANKS,,20171231.0,99376.0,200.0,"NATIONAL COOPERATIVE BANK, N.A.",NATIONAL CO-OP BK NA,1.0,4.0,HILLSBORO,UNITED STATES,OH,OCC,5493001GAASLCSP1PB64,2398082.0,national cooperative banks,national consumer cooperative bank,national cooperative bank na,national cooperative bank na
1.0,f382,NCB BANK,,20171231.0,239613.0,200.0,FNCB BANK,FNCB BK,1.0,3.0,DUNMORE,UNITED STATES,PA,FDIC,0,2560263.0,ncb bank,,fncb bank,fncb bank
3.0,f406,ONE WEST BANK,,20171231.0,2371816.0,200.0,WEST POINTE BANK,WEST POINTE BK,1.0,7.0,OSHKOSH,UNITED STATES,WI,FDIC,549300E0Q8JLIMURNH75,2371807.0,one west bank,,west pointe bank,west pointe bank
1.0,f409,PACTRUST BANK,,20171231.0,2506328.0,200.0,CACHE BANK & TRUST,CACHE BK & TR,1.0,10.0,GREELEY,UNITED STATES,CO,FDIC,0,2506328.0,pactrust bank,,cache bank trust,cache bank trust
3.0,f419,PECIFIC PREMIER BANK,,20171231.0,431172.0,200.0,PACIFIC PREMIER BANK,PACIFIC PREMIER BK,1.0,12.0,IRVINE,UNITED STATES,CA,FRS,549300NTH6N72ZZNX948,3489594.0,pecific premier bank,,pacific premier bank,pacific premier bank
3.0,f442,PREMIER PACIFIC BANK,,20171231.0,431172.0,200.0,PACIFIC PREMIER BANK,PACIFIC PREMIER BK,1.0,12.0,IRVINE,UNITED STATES,CA,FRS,549300NTH6N72ZZNX948,3489594.0,premier pacific bank,,pacific premier bank,pacific premier bank
1.0,f425,PEOPLE'S BANKS,,20171231.0,70638.0,200.0,PEOPLES BANK,PEOPLES BK,1.0,6.0,MENDENHALL,UNITED STATES,MS,FDIC,0,4189314.0,peoples banks,,peoples bank,peoples bank
1.0,f426,PEOPLE'S CAPITAL BANK,,20171231.0,483537.0,200.0,PEOPLES NATIONAL BANK,PEOPLES NB,1.0,6.0,NICEVILLE,UNITED STATES,FL,OCC,0,1363793.0,peoples capital bank,,peoples national bank,peoples national bank
1.0,f427,PEOPLE'S SOUTH BANK,,20171231.0,518037.0,200.0,PEOPLESSOUTH BANK,PEOPLESSOUTH BK,1.0,6.0,COLQUITT,UNITED STATES,GA,FDIC,0,1866155.0,peoples south bank,,peoplessouth bank,peoplessouth bank
3.0,f468,ROSELAND BANK,,20171231.0,428462.0,200.0,IRELAND BANK,IRELAND BK,1.0,12.0,MALAD CITY,UNITED STATES,ID,FDIC,0,1248845.0,roseland bank,,ireland bank,ireland bank
1.0,f476,SCOTIA BANK,,20171231.0,398837.0,200.0,COPIAH BANK,COPIAH BK,1.0,6.0,HAZLEHURST,UNITED STATES,MS,FRS,0,3319972.0,scotia bank,,copiah bank,copiah bank
1.0,f477,SEACOAST BANK,,20171231.0,771609.0,300.0,BAYCOAST BANK,BAYCOAST BK,6.0,1.0,SWANSEA,UNITED STATES,MA,FDIC,549300OTLWFQPOOSC346,2623430.0,seacoast bank,,baycoast bank,baycoast bank
1.0,f478,SECOND NATIONAL BANK,,20171231.0,936136.0,200.0,OLD SECOND NATIONAL BANK,OLD SECOND NB,1.0,7.0,AURORA,UNITED STATES,IL,OCC,B94HV8SXGDD3J5XESU08,1206911.0,second national bank,,old second national bank,old second national bank
3.0,f48,ARIZONA BANK AND TRUST,,20171231.0,3187612.0,200.0,ARIZONA BANK & TRUST,ARIZONA BK & TR,1.0,12.0,PHOENIX,UNITED STATES,AZ,FDIC,549300AF1DMBPMDRP146,1206546.0,arizona bank and trust,,arizona bank trust,arizona bank trust
1.0,f486248,FAYETTE COUNTY BANK,,20171231.0,455150.0,200.0,"PAYNE COUNTY BANK, THE",PAYNE CTY BK,1.0,10.0,PERKINS,UNITED STATES,OK,FRS,0,2168977.0,fayette county bank,,payne county bank the,payne county bank the
2.0,f495,SOUTHERN BANCORP,,20171231.0,852544.0,200.0,SOUTHERN BANCORP BANK,SOUTHERN BANCORP BK,1.0,8.0,ARKADELPHIA,UNITED STATES,AR,FRS,549300JQEF6V2RNWCC75,1248939.0,southern bancorp,sterling bancorp,southern bancorp bank,southern bancorp bank
1.0,f496,SOUTHERN STAR BANK,,20171231.0,3629420.0,200.0,SOUTHERN STATES BANK,SOUTHERN ST BK,1.0,6.0,ANNISTON,UNITED STATES,AL,FDIC,0,3818381.0,southern star bank,,southern states bank,southern states bank
1.0,f5121076,BLACK RIVER TRUST,,20171231.0,3437157.0,200.0,RIVER BANK & TRUST,RIVER B&T,1.0,6.0,PRATTVILLE,UNITED STATES,AL,FDIC,0,4422851.0,black river trust,,river bank trust,river bank trust
1.0,f514,SUNCOAST BANK,,20171231.0,3750650.0,200.0,SUNCREST BANK,SUNCREST BK,1.0,12.0,VISALIA,UNITED STATES,CA,FDIC,0,3750650.0,suncoast bank,,suncrest bank,suncrest bank
1.0,f520,T BANK,,20171231.0,186548.0,200.0,TSB BANK,TSB BK,1.0,7.0,LOMIRA,UNITED STATES,WI,FDIC,0,186548.0,t bank,,tsb bank,tsb bank
1.0,f526,TFP INTERNATIONAL INC,,20171231.0,3856066.0,400.0,"TCF BANK INTERNATIONAL, INC.",TCF BANK INTL,1.0,9.0,WAYZATA,UNITED STATES,MN,FRS,0,2389941.0,tfp international incorporated,,tcf bank international incorporated,tcf bank international incorporated
1.0,f528,THE BANK OF TAMPA,,20171231.0,273336.0,200.0,"BANK OF TAMPA, THE",BANK OF TAMPA,1.0,6.0,TAMPA,UNITED STATES,FL,FDIC,549300H3F1P2EQW0FC36,1246467.0,the bank of tampa,,bank of tampa the,bank of tampa the
1.0,f529,THE BRAND BANKING COMPANY,,20171231.0,701736.0,200.0,"BRAND BANKING COMPANY, THE",BRAND BKG CO,1.0,6.0,LAWRENCEVILLE,UNITED STATES,GA,FRS,5M0S7SPHSMEIN7Z5SI25,3244113.0,the brand banking company,,brand banking company the,brand banking company the
2.0,f530,THE COOPERATIVE BANK,,20171231.0,714978.0,320.0,"COOPERATIVE BANK, THE",COOPERATIVE BK,6.0,1.0,ROSLINDALE,UNITED STATES,MA,FDIC,0,714978.0,the cooperative bank,,cooperative bank the,cooperative bank the
1.0,f543,TRUST BANK,,20171231.0,677176.0,300.0,TRUSTCO BANK,TRUSTCO BK,1.0,2.0,GLENVILLE,UNITED STATES,NY,OCC,549300GCEP3NM7A1X491,1048513.0,trust bank,,trustco bank,trustco bank
1.0,f547,UNION BANK AND TRUST,,20171231.0,693224.0,200.0,UNION BANK & TRUST,UNION B&TR,1.0,5.0,RICHMOND,UNITED STATES,VA,FRS,549300ZTT08EKQRVTR15,1971693.0,union bank and trust,,union bank trust,union bank trust
1.0,f558,URBAN BANK & TRUST,,20171231.0,693224.0,200.0,UNION BANK & TRUST,UNION B&TR,1.0,5.0,RICHMOND,UNITED STATES,VA,FRS,549300ZTT08EKQRVTR15,1971693.0,urban bank trust,,union bank trust,union bank trust
3.0,f61,BANK OF UNITED,,20171231.0,37435.0,200.0,UNITED BANK,UNITED BK,1.0,6.0,ZEBULON,UNITED STATES,GA,FDIC,0,1082777.0,bank of united,,united bank,united bank
3.0,f552,UNITED MISSOURI BANK,,20171231.0,309150.0,200.0,"MISSOURI BANK, THE",MISSOURI BK,1.0,8.0,WARRENTON,UNITED STATES,MO,FRS,549300FS4TWJ50ESLB05,1138393.0,united missouri bank,,missouri bank the,missouri bank the
1.0,f5581586,"DUNCAN WILLIAMS, INC.",,20171231.0,918132.0,200.0,"WILLIAMSTOWN BANK, INC.",WILLIAMSTOWN BK INC,1.0,5.0,WILLIAMSTOWN,UNITED STATES,WV,FDIC,0,918132.0,duncan williams incorporated,,williamstown bank incorporated,williamstown bank incorporated
1.0,f567,VISION BANK,,20171231.0,2736714.0,200.0,MISSION BANK,MISSION BK,1.0,12.0,BAKERSFIELD,UNITED STATES,CA,FRS,0,3108082.0,vision bank,,mission bank,mission bank
1.0,f57,BANK OF NC,,20171231.0,14155.0,200.0,F & C BANK,F&C BK,1.0,10.0,HOLDEN,UNITED STATES,MO,FDIC,0,2168931.0,bank of nc,,f c bank,f c bank
1.0,f585,WESTERN FINANCIAL BANK,,20171231.0,547840.0,200.0,STAR FINANCIAL BANK,STAR FNCL BK,1.0,7.0,FORT WAYNE,UNITED STATES,IN,FDIC,LBIZXW7X2N50PETIH863,1141647.0,western financial bank,,star financial bank,star financial bank
1.0,f590,WLG FIDELITY BANK,,20171231.0,9357.0,200.0,FIDELITY BANK,FIDELITY BK,1.0,9.0,EDINA,UNITED STATES,MN,FDIC,0,3362923.0,wlg fidelity bank,,fidelity bank,fidelity bank
1.0,f591,WLG/FIDELITY BANK,,20171231.0,9357.0,200.0,FIDELITY BANK,FIDELITY BK,1.0,9.0,EDINA,UNITED STATES,MN,FDIC,0,3362923.0,wlgfidelity bank,,fidelity bank,fidelity bank
1.0,f62,BANK OF VA,,20171231.0,286251.0,200.0,BANK OF VICI,BANK OF VICI,1.0,10.0,VICI,UNITED STATES,OK,FDIC,0,1055605.0,bank of va,,bank of vici,bank of vici
1.0,f64,BANKING AND TRUST,,20171231.0,189745.0,200.0,INLAND BANK AND TRUST,INLAND B&TC,1.0,7.0,OAK BROOK,UNITED STATES,IL,FDIC,549300BU5TSYOCF3Y655,2944144.0,banking and trust,,inland bank and trust,inland bank and trust
1.0,f82,BRIDGE BANK,,20171231.0,174321.0,200.0,BLUE RIDGE BANK,BLUE RIDGE BK,1.0,5.0,WALHALLA,UNITED STATES,SC,FDIC,549300HOJEG7WXFB2S62,3614668.0,bridge bank,,blue ridge bank,blue ridge bank
1.0,f88,BUSINESS BANK,,20171231.0,537449.0,200.0,FIRST BUSINESS BANK,FIRST BUS BK,1.0,7.0,MADISON,UNITED STATES,WI,FDIC,549300F247N2IU8SC024,1247428.0,business bank,,first business bank,first business bank
1.0,f89,BUSINESS FIRST BANK,,20171231.0,537449.0,200.0,FIRST BUSINESS BANK,FIRST BUS BK,1.0,7.0,MADISON,UNITED STATES,WI,FDIC,549300F247N2IU8SC024,1247428.0,business first bank,,first business bank,first business bank
1.0,f93,CADENCE BANK,,20171231.0,4262534.0,200.0,"CADENCE BANK, N.A.",CADENCE BK NA,1.0,6.0,BIRMINGHAM,UNITED STATES,AL,OCC,3XATK28RYORGPDF31217,4037349.0,cadence bank,,cadence bank na,cadence bank na
3.0,f9357,FIDELITY BANK (MINNESOTA),,20171231.0,75053.0,200.0,FIRST MINNESOTA BANK,FIRST MN BK,1.0,9.0,MINNETONKA,UNITED STATES,MN,FDIC,254900AZAYNEDNA8NC33,1127324.0,fidelity bank minnesota,,first minnesota bank,first minnesota bank
1.0,f98,CAPITAL CITY,,20171231.0,348551.0,200.0,CAPITAL CITY BANK,CAPITAL CITY BK,1.0,10.0,TOPEKA,UNITED STATES,KS,FDIC,0,1055427.0,capital city,,capital city bank,capital city bank
